title,url,image_url,year
Shuumatsu no Walküre III2021EP15TV,https://otakudesu.fit/series/shuumatsu-no-walkure-iii/,"https://i1.wp.com/otakudesu.fit/wp-content/uploads/2025/12/1765383752-5166-kTs2WNZOukpWdNhoRlH94pSJ3xf.jpg?resize=200,300",2024
Nukitashi the Animation Specials2025EP2TV,https://otakudesu.fit/series/nukitashi-the-animation-specials/,"https://i1.wp.com/otakudesu.fit/wp-content/uploads/2025/12/1764766852-7997-y9kuMGKMMtNgpqcHlgZlL4geEtn.jpg?resize=200,300",2025
CompletedTatsuki Fujimoto 17-262025EP8TV,https://otakudesu.fit/series/tatsuki-fujimoto-17-26/,"https://i0.wp.com/otakudesu.fit/wp-content/uploads/2025/11/1762597447-3642-rVBxMx1IrBdxbxbBuOWK8kiurMB.jpg?resize=200,300",2022
Disney Twisted-Wonderland: The Animation2025EP8TV,https://otakudesu.fit/series/disney-twisted-wonderland-the-animation/,"https://i2.wp.com/otakudesu.fit/wp-content/uploads/2025/10/1761751736-2945-b7UAIvRrskSk18xGusose4U3Nel.jpg?resize=200,300",2021
Long Zu II: Daowangzhe Zhi Tong-EP10TV,https://otakudesu.fit/series/long-zu-ii-daowangzhe-zhi-tong/,https://otakudesu.fit/wp-content/uploads/2025/10/Long-Zu-II.webp,2024
Monster Strike: Deadverse Reloaded2025EP2TV,https://otakudesu.fit/series/monster-strike-deadverse-reloaded/,"https://i1.wp.com/otakudesu.fit/wp-content/uploads/2025/10/1761014017-9359-cPmRxg9Ww0TUr9O89Nu3ZoldTZk.jpg?resize=200,300",2025
"Kimi to Koete Koi ni Naru2009, 2025EP10TV",https://otakudesu.fit/series/kimi-to-koete-koi-ni-naru/,"https://i2.wp.com/otakudesu.fit/wp-content/uploads/2025/10/1760404730-4796-2FnGuEp0jNmS6CeS9DU497RAGzX.jpg?resize=200,300",2025
Isekai Quartet 32019EP10TV,https://otakudesu.fit/series/isekai-quartet-3/,"https://i0.wp.com/otakudesu.fit/wp-content/uploads/2025/10/1760345916-8550-1qkHR7hYbYKEUQORG2WuWmXlT0S.jpg?resize=200,300",2016
Chanto Suenai Kyuuketsuki-chan2025EP10TV,https://otakudesu.fit/series/chanto-suenai-kyuuketsuki-chan/,"https://i1.wp.com/otakudesu.fit/wp-content/uploads/2025/10/1760254613-4039-i2hhAwqhmIDPl8ZhCLpmRbQSInw.jpg?resize=200,300",2019
One Punch Man 32015TV,https://otakudesu.fit/series/one-punch-man-3-2/,"https://i2.wp.com/otakudesu.fit/wp-content/uploads/2025/10/1760254280-4525-jbYJuxfZMpYDalkiOnBcCv9TaL.jpg?resize=200,300",2024
Gnosia2025EP10TV,https://otakudesu.fit/series/gnosia/,"https://i3.wp.com/otakudesu.fit/wp-content/uploads/2025/10/1760165158-8367-pkUFNaZxbJx6TONuHy1hfyiIqXQ.jpg?resize=200,300",2024
WanDance2025EP11TV,https://otakudesu.fit/series/wandance/,"https://i1.wp.com/otakudesu.fit/wp-content/uploads/2025/10/1759939034-3251-1FbU0jXGPTKKWtRkVD1zplH73La.jpg?resize=200,300",2025
Tensei Akujo no Kuro Rekishi2025EP11TV,https://otakudesu.fit/series/tensei-akujo-no-kuro-rekishi/,"https://i3.wp.com/otakudesu.fit/wp-content/uploads/2025/10/1759887085-1992-yrAx1DmfnZjTs2NKsljqd60Kg9X.jpg?resize=200,300",2011
2200-nen Neko no Kuni Nippon2025EP4TV,https://otakudesu.fit/series/2200-nen-neko-no-kuni-nippon/,"https://i1.wp.com/otakudesu.fit/wp-content/uploads/2025/10/1759840689-5991-wJF9KIeL5ieEEiGh3ZBIUOJr2bZ.jpg?resize=200,300",2016
Chitose-kun wa Ramune Bin no Naka2025EP8TV,https://otakudesu.fit/series/chitose-kun-wa-ramune-bin-no-naka/,"https://i3.wp.com/otakudesu.fit/wp-content/uploads/2025/10/1759840600-1728-vtfibksdwu4gdzBhZTFeVdMwCFN.jpg?resize=200,300",2018
Heika Watashi wo Wasurete Kudasai2025EP11TV,https://otakudesu.fit/series/heika-watashi-wo-wasurete-kudasai/,"https://i3.wp.com/otakudesu.fit/wp-content/uploads/2025/10/Heika-Watashi-wo-Wasurete-Kudasai.jpg?resize=200,300",2023
Tondemo Skill de Isekai Hourou Meshi 22023EP11TV,https://otakudesu.fit/series/tondemo-skill-de-isekai-hourou-meshi-2/,"https://i2.wp.com/otakudesu.fit/wp-content/uploads/2025/10/Tondemo-Skill-de-Isekai-Hourou-Meshi-2.jpg?resize=200,300",2024
Ninja to Gokudou2025EP11TV,https://otakudesu.fit/series/ninja-to-gokudou/,"https://i3.wp.com/otakudesu.fit/wp-content/uploads/2025/10/1759840109-5135-zOokyOcW8KtCTkF6Km6KZKABz83.jpg?resize=200,300",2025
3-nen Z-gumi Ginpachi-sensei2025EP11TV,https://otakudesu.fit/series/3-nen-z-gumi-ginpachi-sensei/,"https://i0.wp.com/otakudesu.fit/wp-content/uploads/2025/10/1759748448-9732-fB1lukiQo7DQD1udkY52f8KuSZx.jpg?resize=200,300",2025
Debu to Love to Ayamachi to!2025EP11TV,https://otakudesu.fit/series/debu-to-love-to-ayamachi-to/,"https://i1.wp.com/otakudesu.fit/wp-content/uploads/2025/10/151736.jpg?resize=200,300",2023
Egao no Taenai Shokuba desu.2025EP11TV,https://otakudesu.fit/series/egao-no-taenai-shokuba-desu/,"https://i1.wp.com/otakudesu.fit/wp-content/uploads/2025/10/1759714473-7275-gVKAdE5KkozLw1MJDO10mrFnls2.jpg?resize=200,300",2025
One Punch Man 32015EP10TV,https://otakudesu.fit/series/one-punch-man-3/,"https://i1.wp.com/otakudesu.fit/wp-content/uploads/2025/10/1759687530-5556-jbYJuxfZMpYDalkiOnBcCv9TaL.jpg?resize=200,300",2025
Sawaranaide Kotesashi-kun2025EP11TV,https://otakudesu.fit/series/sawaranaide-kotesashi-kun/,"https://i2.wp.com/otakudesu.fit/wp-content/uploads/2025/10/1759671662-3594-5FTV4NI7kNJtDugMGzSmGeVE7cn.jpg?resize=200,300",2025
Alma-chan wa Kazoku ni Naritai2025EP11TV,https://otakudesu.fit/series/alma-chan-wants-to-be-a-family/,"https://i2.wp.com/otakudesu.fit/wp-content/uploads/2025/10/1759670459-9060-sal3tEwQCv1Eh9PSMZbMpg8MUqe.jpg?resize=200,300",2024
Ansatsusha de Aru Ore no Status ga Yuusha yori mo Akiraka ni Tsuyoi no da ga2025EP11TV,https://otakudesu.fit/series/ansatsusha-de-aru-ore-no-status-ga-yuusha-yori-mo-akiraka-ni-tsuyoi-no-da-ga/,"https://i2.wp.com/otakudesu.fit/wp-content/uploads/2025/10/1759670077-1508-oQk3aXYEa4TMd9rAYgzDpAYTU8P.jpg?resize=200,300",2023
"Chichi wa Eiyuu, Haha wa Seirei, Musume no Watashi wa Tenseisha.2025EP11TV",https://otakudesu.fit/series/chichi-wa-eiyuu-haha-wa-seirei-musume-no-watashi-wa-tenseisha/,"https://i0.wp.com/otakudesu.fit/wp-content/uploads/2025/10/1759669742-5740-i7sR7NbxWNlCkBHjoxcUfe3muLc.jpg?resize=200,300",2024
Kikaijikake no Marie2025EP11TV,https://otakudesu.fit/series/kikaijikake-no-marie/,"https://i1.wp.com/otakudesu.fit/wp-content/uploads/2025/10/1759669172-9440-1uBvmTta9mVjHpO7K5mQm9B09ng.jpg?resize=200,300",2008
Ao no Orchestra 2nd Season2023EP11TV,https://otakudesu.fit/series/ao-no-orchestra-2nd-season/,"https://i2.wp.com/otakudesu.fit/wp-content/uploads/2025/10/1759662395-9306-dN0yhGAMVdS7lIEk52gom9XO268.jpg?resize=200,300",2025
Uma Musume: Cinderella Gray Part 22025EP9TV,https://otakudesu.fit/series/uma-musume-cinderella-gray-part-2/,"https://i1.wp.com/otakudesu.fit/wp-content/uploads/2025/10/1759631358-2294-ncq5uKIcifVITPIYT2G1KpUPMoW.jpg?resize=200,300",2023
SI-VIS: The Sound of Heroes2025EP11TV,https://otakudesu.fit/series/si-vis-the-sound-of-heroes/,"https://i1.wp.com/otakudesu.fit/wp-content/uploads/2025/10/1759630931-3285-kEju7ai3eWcq6aNDl2uJkucOcDk.jpg?resize=200,300",2025
DIGIMON BEATBREAK2025EP11TV,https://otakudesu.fit/series/digimon-beatbreak/,"https://i0.wp.com/otakudesu.fit/wp-content/uploads/2025/10/1759630836-3306-xMpYdceq9QABJgeRCKgQZecUfg.jpg?resize=200,300",2024
Tomodachi no Imouto ga Ore ni dake Uzai2025EP11TV,https://otakudesu.fit/series/tomodachi-no-imouto-ga-ore-ni-dake-uzai/,"https://i2.wp.com/otakudesu.fit/wp-content/uploads/2025/10/1759558362-4789-HVmGFN9CmJCAKOGZoa99rLbE3h.jpg?resize=200,300",2022
Ranma 1/2 (2024) 2nd Season2024EP11TV,https://otakudesu.fit/series/ranma-1-2-2024-2nd-season/,"https://i0.wp.com/otakudesu.fit/wp-content/uploads/2025/10/1759558109-5022-zQhwc27CWHM4zx9lJU9bI5FRQOm.jpg?resize=200,300",2021
Shuumatsu Touring2025EP11TV,https://otakudesu.fit/series/shuumatsu-touring/,"https://i2.wp.com/otakudesu.fit/wp-content/uploads/2025/10/1759557707-9761-tVeLF6cUEqzdzqcEyWEN151zaa4.jpg?resize=200,300",2025
Toujima Tanzaburou wa Kamen Rider ni Naritai2025EP11TV,https://otakudesu.fit/series/toujima-tanzaburou-wa-kamen-rider-ni-naritai/,"https://i3.wp.com/otakudesu.fit/wp-content/uploads/2025/10/1759557474-9790-GBRHxhdyPb16pLDdKflPjvfWQg.jpg?resize=200,300",2019
Kingdom 6th Season2012EP11TV,https://otakudesu.fit/series/kingdom-6th-season/,"https://i3.wp.com/otakudesu.fit/wp-content/uploads/2025/10/1759557266-7113-dehuJJkKo50nYvCYppigrWejqLe.jpg?resize=200,300",2024
Fumetsu no Anata e Season 32021EP11TV,https://otakudesu.fit/series/fumetsu-no-anata-e-season-3/,"https://i3.wp.com/otakudesu.fit/wp-content/uploads/2025/10/1759556183-1345-lA2jRBubr2OLOlbkJXuBXYqv4A9.jpg?resize=200,300",2025
Nageki no Bourei wa Intai shitai 22024EP11TV,https://otakudesu.fit/series/nageki-no-bourei-wa-intai-shitai-2/,"https://i3.wp.com/otakudesu.fit/wp-content/uploads/2025/10/1759555870-1576-egViTAdBqUyUFI2sIBsGbnH5Sun.jpg?resize=200,300",2023
"Mikata ga Yowa Sugite Hojo Mahou ni Toushite Ita Kyuutei Mahoushi, Tsuihou Sarete Saikyou wo Mezasu2025EP11TV",https://otakudesu.fit/series/mikata-ga-yowa-sugite-hojo-mahou-ni-toushite-ita-kyuutei-mahoushi-tsuihou-sarete-saikyou-wo-mezasu/,https://image.tmdb.org/t/p/w300/qTlOvHUYW9GtLVImNH3MeCGBldq.jpg,2025
Spy x Family Season 32022EP11TV,https://otakudesu.fit/series/spyxfamily-season-3/,"https://i1.wp.com/otakudesu.fit/wp-content/uploads/2025/10/1759554566-2067-3r4LYFuXrg3G8fepysr4xSLWnQL.jpg?resize=200,300",2025
Kekkon Yubiwa Monogatari 2nd Season2024EP11TV,https://otakudesu.fit/series/kekkon-yubiwa-monogatari-2nd-season/,"https://i0.wp.com/otakudesu.fit/wp-content/uploads/2025/10/1759554150-3212-mNuV7Jti0jYQh34OP2WdmhflTDQ.jpg?resize=200,300",2025
Kao ni Denai Kashiwada-san to Kao ni Deru Oota-kun2025EP11TV,https://otakudesu.fit/series/kao-ni-denai-kashiwada-san-to-kao-ni-deru-oota-kun/,"https://i2.wp.com/otakudesu.fit/wp-content/uploads/2025/10/1759553841-4341-gNPBdqx36IWhMLT3xrNDEpTcBl4.jpg?resize=200,300",2019
Kagaku×Bouken Survival! 2nd Season2024EP1TV,https://otakudesu.fit/series/kagakuxbouken-survival-2nd-season/,"https://i3.wp.com/otakudesu.fit/wp-content/uploads/2025/10/1759552124-8461-xkgX6eoe0WrvxSGrYtV6Md1kVx.jpg?resize=200,300",2023
Boku no Hero Academia FINAL SEASON2016EP11TV,https://otakudesu.fit/series/boku-no-hero-academia-final-season/,"https://i3.wp.com/otakudesu.fit/wp-content/uploads/2025/10/1759551772-6984-phuYuzqWW9ru8EA3HVjE9W2Rr3M.jpg?resize=200,300",2024
JOCHUM Season 22024EP1TV,https://otakudesu.fit/series/jochum-season-2/,"https://i1.wp.com/otakudesu.fit/wp-content/uploads/2025/10/1759551319-9906-7ymQoyECz1TRJCse33vCrCJquMB.jpg?resize=200,300",2025
SANDA2025EP11TV,https://otakudesu.fit/series/sanda/,"https://i0.wp.com/otakudesu.fit/wp-content/uploads/2025/10/1759482268-1886-uPMJU0u3kOk9ITrsJnHpBFvEK0H.jpg?resize=200,300",2018
Hyakushou Kizoku 3rd Season2023EP1TV,https://otakudesu.fit/series/hyakushou-kizoku-3rd-season/,"https://i0.wp.com/otakudesu.fit/wp-content/uploads/2025/10/1759481979-4775-gfaUr4Wan5BmJxoPOgX3S1lbXXu.jpg?resize=200,300",2025
Nohara Hiroshi: Hiru Meshi no Ryuugi2025EP11TV,https://otakudesu.fit/series/nohara-hiroshi-hiru-meshi-no-ryuugi/,"https://i3.wp.com/otakudesu.fit/wp-content/uploads/2025/10/1759481504-4129-myXmN2P0RRZ0acVLGqSkhpQU3Pn.jpg?resize=200,300",2025
GANGLION2025EP2TV,https://otakudesu.fit/series/ganglion/,"https://i0.wp.com/otakudesu.fit/wp-content/uploads/2025/10/1759454365-7061-bUmLo4YaaIvh4L38PZnr4dxbykI.jpg?resize=200,300",2024
Shinjiteita Nakamatachi ni Dungeon Okuchi de Korosarekaketa ga Gift “Mugen Gacha” de Level 9999 no Nakamatachi wo Te ni Irete Moto Party Member to Sekai ni Fukushuu & “Zamaa!” Shimasu!2025EP11TV,https://otakudesu.fit/series/shinjiteita-nakamatachi-ni-dungeon-okuchi-de-korosarekaketa-ga-gift-mugen-gacha-de-level-9999-no-nakamatachi-wo-te-ni-irete-moto-party-member-to-sekai-ni-fukushuu-zamaa-shimasu/,"https://i0.wp.com/otakudesu.fit/wp-content/uploads/2025/10/1759454127-8934-uKzo8r3i3NNZSAVT0oOub4vFn5F.jpg?resize=200,300",2018
Shabake2025EP11TV,https://otakudesu.fit/series/shabake/,"https://i1.wp.com/otakudesu.fit/wp-content/uploads/2025/10/1759453854-7821-gO3AZANXhcSlU2DjCwzyuSbqs9R.jpg?resize=200,300",2024
Saigo ni Hitotsu dake Onegai Shite mo Yoroshii Deshou ka2025EP12TV,https://otakudesu.fit/series/saigo-ni-hitotsu-dake-onegai-shite-mo-yoroshii-deshou-ka/,"https://i0.wp.com/otakudesu.fit/wp-content/uploads/2025/10/1759453571-5726-u5kCaEFoDX30k68RwP4F6bsYQbb.jpg?resize=200,300",2024
Ganso! Bandori-chan2025TV,https://otakudesu.fit/series/ganso-bandori-chan/,"https://i0.wp.com/otakudesu.fit/wp-content/uploads/2025/10/1759341720-1477-166Zsq2TYqjbJr2v5CBU0TZnLNe.jpg?resize=200,300",2024
Chou Futsuu Mahou Shoujo Asumi Toruverse-TV,https://otakudesu.fit/series/chou-futsuu-mahou-shoujo-asumi-toruverse/,https://otakudesu.fit/wp-content/themes/otakudesu/assets/img/noimage.png,2024
Bukiyou na Senpai.2025EP11TV,https://otakudesu.fit/series/bukiyou-na-senpai/,"https://i2.wp.com/otakudesu.fit/wp-content/uploads/2025/10/1759341157-7658-lGhX1PyfZp5WzQBUTQISeG2ae1S.jpg?resize=200,300",2023
Taiyou yori mo Mabushii Hoshi2025EP11TV,https://otakudesu.fit/series/taiyou-yori-mo-mabushii-hoshi/,"https://i3.wp.com/otakudesu.fit/wp-content/uploads/2025/10/1759340763-5862-yZ9k8exxlXuFXjAsmIIanpfdMQ7.jpg?resize=200,300",2024
Sylvanian Families: Freya no Wonder Days-TV,https://otakudesu.fit/series/sylvanian-families-freya-no-wonder-days/,"https://i0.wp.com/otakudesu.fit/wp-content/uploads/2025/10/bx198921-NMVQx7KSCnTd.png?resize=200,300",2023
"Potion, Wagami wo Tasukeru2025EP11TV",https://otakudesu.fit/series/potion-wagami-wo-tasukeru/,"https://i3.wp.com/otakudesu.fit/wp-content/uploads/2025/09/1759167623-5939-9gGvYKJbfvgBDy6yW9yzWMwc1GG.jpg?resize=200,300",2025
"Watashi wo Tabetai, Hitodenashi2025EP11TV",https://otakudesu.fit/series/watashi-wo-tabetai-hitodenashi/,"https://i3.wp.com/otakudesu.fit/wp-content/uploads/2025/09/1759167311-3173-hSCfViaPd8qxSQU4oVe6v8dyONh.jpg?resize=200,300",2025
"Akujiki Reijou to Kyouketsu Koushaku: Sono Mamono, Watashi ga Oishiku Itadakimasu!2025EP11TV",https://otakudesu.fit/series/akujiki-reijou-to-kyouketsu-koushaku-sono-mamono-watashi-ga-oishiku-itadakimasu/,"https://i2.wp.com/otakudesu.fit/wp-content/uploads/2025/09/1759120013-2144-nQ6jUd7bE8EG4wrBhhKhqqmjGsb.jpg?resize=200,300",2011
Let’s Play: Quest Darake no My Life2025EP12TV,https://otakudesu.fit/series/lets-play-quest-darake-no-my-life/,"https://i2.wp.com/otakudesu.fit/wp-content/uploads/2025/09/1759119484-3854-sTZuWf7wV99y13VAYw1fBclgFKu.jpg?resize=200,300",2025
MUZIK TIGER In the Forest 22025EP1TV,https://otakudesu.fit/series/muzik-tiger-in-the-forest-2/,"https://i2.wp.com/otakudesu.fit/wp-content/uploads/2025/09/1759119182-9191-b1Xn8rO707XNzRwTKPnHVgGJsWu.jpg?resize=200,300",2021
Kakuriyo no Yadomeshi 2nd Season2018EP12TV,https://otakudesu.fit/series/kakuriyo-no-yadomeshi-2nd-season/,"https://i0.wp.com/otakudesu.fit/wp-content/uploads/2025/09/1759118809-6063-r1SZWuuPcAKcX4EzuEhZsO7LtTk.jpg?resize=200,300",2024
Yano-kun no Futsuu no Hibi2025EP12TV,https://otakudesu.fit/series/yano-kun-no-futsuu-no-hibi/,"https://i3.wp.com/otakudesu.fit/wp-content/uploads/2025/09/1759118298-4886-xnSIm9IejX7g8sAsH0GidFlCIH4.jpg?resize=200,300",2025
Mofa Gongzhu De Xiao Fannao2025EP14TV,https://otakudesu.fit/series/mofa-gongzhu-de-xiao-fannao/,"https://i3.wp.com/otakudesu.fit/wp-content/uploads/2025/09/1759117770-9882-jluxQcZqyQ8kRQYoEX2brheNMnV.jpg?resize=200,300",2025
Sozai Saishuka no Isekai Ryokouki2025EP12TV,https://otakudesu.fit/series/sozai-saishuka-no-isekai-ryokouki/,"https://i3.wp.com/otakudesu.fit/wp-content/uploads/2025/09/1759117164-3516-AtpIf9wnT6IaHoG31XsdqZEEf80.jpg?resize=200,300",2024
Yasei no Last Boss ga Arawareta!2025EP12TV,https://otakudesu.fit/series/yasei-no-last-boss-ga-arawareta/,"https://i3.wp.com/otakudesu.fit/wp-content/uploads/2025/09/1758987717-4317-uLkimDmIWb4VdgFUuiMlS8wGi5S.jpg?resize=200,300",2025
Towa no Yuugure2025EP11TV,https://otakudesu.fit/series/towa-no-yuugure/,"https://i3.wp.com/otakudesu.fit/wp-content/uploads/2025/09/1758794224-1731-qg8KcFJB5ySSEJv9OlMYK9JEMbV.jpg?resize=200,300",2025
CompletedMushoku no Eiyuu: Betsu ni Skill Nanka Iranakatta n da ga2025EP12TV,https://otakudesu.fit/series/mushoku-no-eiyuu-betsu-ni-skill-nanka-iranakatta-n-da-ga/,"https://i1.wp.com/otakudesu.fit/wp-content/uploads/2025/09/1758725769-6443-o2axKodGsInHYbuGNk9uquENtfR.jpg?resize=200,300",2015
Senpai wa Otokonoko Movie: Ame Nochi Hare-EP4TV,https://otakudesu.fit/series/senpai-wa-otokonoko-movie-ame-nochi-hare/,"https://i3.wp.com/otakudesu.fit/wp-content/uploads/2025/08/146852.jpg?resize=200,300",2024
"CompletedMuchuu sa, Kimi ni.2025Ssummer,2025 EP5TV",https://otakudesu.fit/series/muchuu-sa-kimi-ni/,"https://i0.wp.com/otakudesu.fit/wp-content/uploads/2025/08/1755756755-9414-AvcZ1SGxKMJFK6obLBT4Hy5yvLj.jpg?resize=200,300",2023
"CompletedKaraoke Iko!2025Ssummer,2025 EP5TV",https://otakudesu.fit/series/karaoke-iko/,"https://i2.wp.com/otakudesu.fit/wp-content/uploads/2025/07/1753335224-7339-rlGtT0fBfyRRnb6BpJIWRrLVS97.jpg?resize=200,300",2024
CompletedNukitashi THE ANIMATION2025EP11TV,https://otakudesu.fit/series/nukitashi-the-animation/,"https://i2.wp.com/otakudesu.fit/wp-content/uploads/2025/07/1752898284-7084-zlybZJXfu4IpPnWXhnRtobl9BgZ.jpg?resize=200,300",2025
CompletedUtagoe wa Mille-Feuille2025EP10TV,https://otakudesu.fit/series/utagoe-wa-mille-feuille/,"https://i1.wp.com/otakudesu.fit/wp-content/uploads/2025/07/1752850685-9504-9CFNfwkccKrINGf0bS8ZLm4SPAc.jpg?resize=200,300",2023
CompletedSAKAMOTO DAYS Part 22025EP11TV,https://otakudesu.fit/series/sakamoto-days-part-2/,"https://i1.wp.com/otakudesu.fit/wp-content/uploads/2025/07/1752488621-5676-wRpCqsJFyKNuh5FMegNPrhzp2NF.jpg?resize=200,300",2025
Tougen Anki2025EP22TV,https://otakudesu.fit/series/tougen-anki/,"https://i0.wp.com/otakudesu.fit/wp-content/uploads/2025/07/1752212329-7305-oDkYJlUVMLXEM4v2s6y4CrkD9Jn.jpg?resize=200,300",2025
Futari Solo Camp2025EP23TV,https://otakudesu.fit/series/futari-solo-camp-2/,"https://i0.wp.com/otakudesu.fit/wp-content/uploads/2025/07/1752171645-3347-gP7rdhoejxIwZUzB6vpnlsQsdOB.jpg?resize=200,300",2025
Futari Solo Camp2025EP1TV,https://otakudesu.fit/series/futari-solo-camp/,"https://i2.wp.com/otakudesu.fit/wp-content/uploads/2025/07/1752135084-8334-gP7rdhoejxIwZUzB6vpnlsQsdOB.jpg?resize=200,300",2019
Dr.STONE SCIENCE FUTURE Part 22019EP12TV,https://otakudesu.fit/series/dr-stone-science-future-part-2/,"https://i0.wp.com/otakudesu.fit/wp-content/uploads/2025/07/1752134472-2082-xbZQ3fDl0y5mt0ARwfeyrgQ4JTw.jpg?resize=200,300",2024
New PANTY & STOCKING with GARTERBELT2025EP1TV,https://otakudesu.fit/series/new-panty-stocking-with-garterbelt/,"https://i0.wp.com/otakudesu.fit/wp-content/uploads/2025/07/1752079735-4470-4BreeBRj2yJpqwlMtIlFhd8NI50.jpg?resize=200,300",2005
CompletedKizu darake Seijo yori Houfuku wo Komete2025EP12TV,https://otakudesu.fit/series/kizu-darake-seijo-yori-houfuku-wo-komete/,"https://i3.wp.com/otakudesu.fit/wp-content/uploads/2025/07/1752079054-7019-lLL71hw0ivMFReOsa7WScZ7Z8fZ.jpg?resize=200,300",2025
"CompletedTensei Shitara Dai Nana Ouji Dattanode, Kimamani Majutsu wo Kiwamemasu2024EP12TV",https://otakudesu.fit/series/tensei-shitara-dai-nana-ouji-dattanode-kimamani-majutsu-wo-kiwamemasu-2/,"https://i0.wp.com/otakudesu.fit/wp-content/uploads/2025/07/1752078250-2373-kMDJ2hdBTLZn33O53xCtE14fFD1.jpg?resize=200,300",2025
CompletedTate no Yuusha no Nariagari Season 42019EP12TV,https://otakudesu.fit/series/tate-no-yuusha-no-nariagari-season-4/,"https://i2.wp.com/otakudesu.fit/wp-content/uploads/2025/07/1752040269-7974-yjq2n0agGJfmZQ9NpbYIhuBofcq.jpg?resize=200,300",2024
"CompletedMikadono Sanshimai wa Angai, Choroi.2025EP12TV",https://otakudesu.fit/series/mikadono-sanshimai-wa-angai-choroi/,"https://i2.wp.com/otakudesu.fit/wp-content/uploads/2025/07/1752039481-5275-m1V6c1x127niTfg3k0rLWPouDSn.jpg?resize=200,300",2024
CompletedTurkey!2025EP12TV,https://otakudesu.fit/series/turkey/,"https://i3.wp.com/otakudesu.fit/wp-content/uploads/2025/07/1751965659-9634-bMZon1ampRl8Z6it3ownpGzP5G4.jpg?resize=200,300",2025
Osomatsu-san 42015EP5TV,https://otakudesu.fit/series/osomatsu-san-4/,"https://i1.wp.com/otakudesu.fit/wp-content/uploads/2025/07/1751965029-9571-vEsmh6m9fUhJzGfLxUpliT3vqdh.jpg?resize=200,300",2025
CompletedKakkou no Iinazuke Season 22022EP12TV,https://otakudesu.fit/series/kakkou-no-iinazuke-season-2/,"https://i2.wp.com/otakudesu.fit/wp-content/uploads/2025/07/1751963957-5887-tWDX9uDAzOJhsvunl6PabHdhFx0.jpg?resize=200,300",2024
"CompletedWatashi ga Koibito ni Nareru Wake Naijan, Murimuri! (※Muri ja Nakatta!?)2025EP12TV",https://otakudesu.fit/series/7011/,https://image.tmdb.org/t/p/w300/7yvSLskVFM5mZhQ53Dx9fnLybKa.jpg,2025
CompletedGrand Blue Season 22018EP12TV,https://otakudesu.fit/series/grand-blue-season-2/,"https://i2.wp.com/otakudesu.fit/wp-content/uploads/2025/07/1751899787-4025-1WP2MrTIXJ8NI5tvqBk4ZD4ju9O.jpg?resize=200,300",-
Binan Koukou Chikyuu Bouei-bu Haikara!2025EP2TV,https://otakudesu.fit/series/7005/,https://image.tmdb.org/t/p/w300/7lyszAT5Iu0EXYf68SpWotvq3XM.jpg,2024
"CompletedFood Court de, Mata Ashita.2025EP6TV",https://otakudesu.fit/series/food-court-de-mata-ashita/,"https://i1.wp.com/otakudesu.fit/wp-content/uploads/2025/07/1751877372-9168-ftbclK56IBYCoaMASrcMi6c31GI.jpg?resize=200,300",2024
Shinobanai! Crypto Ninja Sakuya: San no Maki2023EP2TV,https://otakudesu.fit/series/shinobanai-crypto-ninja-sakuya/,"https://i3.wp.com/otakudesu.fit/wp-content/uploads/2025/07/1751876490-1688-zGgbpAbIoRqdaSOtlQG6NgCjTwG.jpg?resize=200,300",2023
CompletedPuniru wa Kawaii Slime 2nd Season2024EP12TV,https://otakudesu.fit/series/puniru-wa-kawaii-slime-2nd-season/,"https://i2.wp.com/otakudesu.fit/wp-content/uploads/2025/07/1751861172-6250-zaUlTqv4OWyTmi0Z80g9XQ5LFbE.jpg?resize=200,300",2024
CompletedCity The Animation2025EP13TV,https://otakudesu.fit/series/city-the-animation/,"https://i0.wp.com/otakudesu.fit/wp-content/uploads/2025/07/1751820909-7601-iF1lDNPZtqqUk200IBFnOe4K26m.jpg?resize=200,300",2025
CompletedHotel Inhumans2025EP13TV,https://otakudesu.fit/series/hotel-inhumans/,"https://i2.wp.com/otakudesu.fit/wp-content/uploads/2025/07/1751820374-8961-v5yGyhPWoOhFfm4jhQrh6u6kknc.jpg?resize=200,300",2015
Gachiakuta2025EP23TV,https://otakudesu.fit/series/gachiakuta/,"https://i3.wp.com/otakudesu.fit/wp-content/uploads/2025/07/1751820049-4312-84LdrRRvpWk8g0EaaW7z3eKdfum.jpg?resize=200,300",2024
CompletedGame Center Shoujo to Ibunka Kouryuu2025EP12TV,https://otakudesu.fit/series/cultural-exchange-with-a-game-centre-girl/,"https://i1.wp.com/otakudesu.fit/wp-content/uploads/2025/07/1751819157-4653-qXJN0P8X4Sggb3GNnkYGC4l2RbL.jpg?resize=200,300",2025
CompletedNyaight of the Living Cat2025EP12TV,https://otakudesu.fit/series/nyaight-of-the-living-cat/,"https://i1.wp.com/otakudesu.fit/wp-content/uploads/2025/07/1751818233-4004-8RK3ejKdkw5KrUNzcURiwGpi9xO.jpg?resize=200,300",2025
CompletedBusamen Gachi Fighter2025EP12TV,https://otakudesu.fit/series/busamen-gachi-fighter/,"https://i0.wp.com/otakudesu.fit/wp-content/uploads/2025/07/1751818021-3951-tuOXsK63UNldWDNiWXZrajWRcyL.jpg?resize=200,300",2016
CompletedRuri no Houseki2025EP13TV,https://otakudesu.fit/series/ruri-no-houseki/,"https://i0.wp.com/otakudesu.fit/wp-content/uploads/2025/07/1751817485-1268-6uOEjCO4Zl4up30zWGjsO2nXeWV.jpg?resize=200,300",2024
CompletedIsekai Mokushiroku Mynoghra: Hametsu no Bunmei de Hajimeru Sekai Seifuku2025EP13TV,https://otakudesu.fit/series/isekai-mokushiroku-mynoghra-hametsu-no-bunmei-de-hajimeru-sekai-seifuku/,"https://i3.wp.com/otakudesu.fit/wp-content/uploads/2025/07/1751816999-5254-cPVLebbkrh3H0yXba4NW5fdrPUp.jpg?resize=200,300",2025
CompletedDekin no Mogura2025EP12TV,https://otakudesu.fit/series/dekin-no-mogura/,"https://i2.wp.com/otakudesu.fit/wp-content/uploads/2025/07/1751816490-9443-xnEForFiNATvYS4MUwYyFuPyiok.jpg?resize=200,300",2025
CompletedJibaku Shounen Hanako-kun 2 Part 22020EP12TV,https://otakudesu.fit/series/jibaku-shounen-hanako-kun-2-part-2/,"https://i1.wp.com/otakudesu.fit/wp-content/uploads/2025/07/1751815354-9837-qp2XSpNzopObSPkSAi7sujAsdh3.jpg?resize=200,300",-
CompletedAme to Kimi to2025EP12TV,https://otakudesu.fit/series/ame-to-kimi-to/,"https://i0.wp.com/otakudesu.fit/wp-content/uploads/2025/07/1751734220-6316-vRU4UhPpQTPoXOChn64FWGrZwt0.jpg?resize=200,300",2008
CompletedBad Girl2025EP12TV,https://otakudesu.fit/series/bad-girl-2/,"https://i1.wp.com/otakudesu.fit/wp-content/uploads/2025/07/1751732561-7679-ovE3txsuLdvpIPWpG4WodlkWXGi.jpg?resize=200,300",2025
CompletedHikaru ga Shinda Natsu2025EP12TV,https://otakudesu.fit/series/hikaru-ga-shinda-natsu/,"https://i2.wp.com/otakudesu.fit/wp-content/uploads/2025/07/1751731480-8745-x0wiTO87UMiVCUe24nKaHlp7AIc.jpg?resize=200,300",2025
CompletedKaoru Hana wa Rin to Saku2025EP13TV,https://otakudesu.fit/series/kaoru-hana-wa-rin-to-saku/,"https://i3.wp.com/otakudesu.fit/wp-content/uploads/2025/07/1751730951-3270-cRtyoypoIfrW8SWyVw0y554xWQ.jpg?resize=200,300",2022
"CompletedYuusha Party wo Tsuihou sareta Shiromadoushi, S-Rank Boukensha ni Hirowareru: Kono Shiromadoushi ga Kikakugai Sugiru2025EP12TV",https://otakudesu.fit/series/yuusha-party-wo-tsuihou-sareta-shiromadoushi-s-rank-boukensha-ni-hirowareru-kono-shiromadoushi-ga-kikakugai-sugiru/,"https://i1.wp.com/otakudesu.fit/wp-content/uploads/2025/07/1751729840-5953-6eHbGa0m8kSVWF8ImDJ7U53CNzY.jpg?resize=200,300",2025
CompletedSono Bisque Doll wa Koi wo Suru Season 22022EP12TV,https://otakudesu.fit/series/sono-bisque-doll-wa-koi-wo-suru-season-2/,"https://i1.wp.com/otakudesu.fit/wp-content/uploads/2025/07/1751727409-9137-A6mxBwvvv63JXZm3xXKv4SugE0L.jpg?resize=200,300",2024
CompletedFermat no Ryouri2025EP12TV,https://otakudesu.fit/series/fermat-no-ryouri/,"https://i0.wp.com/otakudesu.fit/wp-content/uploads/2025/07/1751726801-6120-22T1A22tDMYG0SMEAiQqmCZrIQw.jpg?resize=200,300",2024
CompletedSeishun Buta Yarou wa Santa Claus no Yume wo Minai2018EP13TV,https://otakudesu.fit/series/seishun-buta-yarou-wa-santa-claus-no-yume-wo-minai/,"https://i0.wp.com/otakudesu.fit/wp-content/uploads/2025/07/1751726175-9245-r0td1J4kALobMwjPKLGe7RwJ07o.jpg?resize=200,300",2024
CompletedKizetsu Yuusha to Ansatsu Hime2025EP12TV,https://otakudesu.fit/series/kizetsu-yuusha-to-ansatsu-hime/,"https://i0.wp.com/otakudesu.fit/wp-content/uploads/2025/07/1751719151-6645-3krI3hgGxyy5a7TU4X7WWRaljW8.jpg?resize=200,300",2025
Completed9-nine- Shihaisha no Oukan2025EP13TV,https://otakudesu.fit/series/9-nine-shihaisha-no-oukan/,"https://i2.wp.com/otakudesu.fit/wp-content/uploads/2025/07/1751716577-1120-mM2XpYKaFIAcTkGng6byHv2I5OI.jpg?resize=200,300",2024
CompletedKaijuu 8-gou 2nd Season2024EP11TV,https://otakudesu.fit/series/kaijuu-8-gou-2nd-season/,"https://i1.wp.com/otakudesu.fit/wp-content/uploads/2025/07/1751715707-8677-bJxGs0w5RAhaX4fIUQu511rvm0S.jpg?resize=200,300",2025
CompletedZutaboro Reijou wa Ane no Moto Konyakusha ni Dekiai sareru2025EP12TV,https://otakudesu.fit/series/zutaboro-reijou-wa-ane-no-moto-konyakusha-ni-dekiai-sareru/,"https://i0.wp.com/otakudesu.fit/wp-content/uploads/2025/07/1751616970-8774-kwV4MylQoDhz14Qd54z3Hq4qppf.jpg?resize=200,300",2025
Watari-kun no xx ga Houkai Sunzen2025EP24TV,https://otakudesu.fit/series/watari-kun-no-xx-ga-houkai-sunzen/,"https://i3.wp.com/otakudesu.fit/wp-content/uploads/2025/07/1751616616-2509-iYIgHx0MgAqZQAgWX9VRiQPr8mW.jpg?resize=200,300",2025
CompletedSilent Witch: Chinmoku no Majo no Kakushigoto2025EP13TV,https://otakudesu.fit/series/silent-witch-chinmoku-no-majo-no-kakushigoto/,"https://i3.wp.com/otakudesu.fit/wp-content/uploads/2025/07/1751614503-9824-8uT0v1oPCEOVLZaZzbMslRyH8fr.jpg?resize=200,300",2023
CompletedYofukashi no Uta Season 22022EP12TV,https://otakudesu.fit/series/yofukashi-no-uta-season-2/,"https://i1.wp.com/otakudesu.fit/wp-content/uploads/2025/07/148453.jpg?resize=200,300",2016
CompletedArknights: Rise from Ember2022EP10TV,https://otakudesu.fit/series/arknights-rise-from-ember/,"https://i1.wp.com/otakudesu.fit/wp-content/uploads/2025/07/1751610431-2036-bOHwf20OzBVBrhX31MyUdxQR0d2.jpg?resize=200,300",2024
CompletedBusu ni Hanataba wo.2025EP13TV,https://otakudesu.fit/series/busu-ni-hanataba-wo/,"https://i3.wp.com/otakudesu.fit/wp-content/uploads/2025/07/1751607669-5651-m1OK9bwr1ukQa46QxfzRWIFHQ8L.jpg?resize=200,300",2024
CompletedDandadan 2nd Season2024EP12TV,https://otakudesu.fit/series/dandadan-2nd-season/,"https://i1.wp.com/otakudesu.fit/wp-content/uploads/2025/07/1751558601-2215-6qfZAOEUFIrbUH3JvePclx1nXzz.jpg?resize=200,300",2024
CompletedMizu Zokusei no Mahou Tsukai2025EP12TV,https://otakudesu.fit/series/mizu-zokusei-no-mahou-tsukai/,"https://i1.wp.com/otakudesu.fit/wp-content/uploads/2025/07/1751558143-7960-9GWz3D9aBgtn6pMiu3DTZL3h5ua.jpg?resize=200,300",2024
CompletedKamitsubaki-shi Kensetsuchuu.2025EP12TV,https://otakudesu.fit/series/kamitsubaki-shi-kensetsuchuu/,"https://i1.wp.com/otakudesu.fit/wp-content/uploads/2025/07/1751556094-7171-A6jjtjVaStC9whPdrRxXY5KfEJk.jpg?resize=200,300",2025
CompletedTsuihousha Shokudou e Youkoso!2025EP12TV,https://otakudesu.fit/series/tsuihousha-shokudou-e-youkoso/,"https://i2.wp.com/otakudesu.fit/wp-content/uploads/2025/07/1751555892-4543-1IJigiaXgp8qvjwlRVFYhP71z8Q.jpg?resize=200,300",2024
CompletedTsuyokute New Saga2025EP12TV,https://otakudesu.fit/series/tsuyokute-new-saga/,"https://i0.wp.com/otakudesu.fit/wp-content/uploads/2025/07/1751482475-3575-dmZ74VyWi3I8ZqJ1m3Fmcc1etgp.jpg?resize=200,300",2023
CompletedOnmyou Kaiten Re:Birth2025EP12TV,https://otakudesu.fit/series/onmyo-kaiten-reverse/,"https://i2.wp.com/otakudesu.fit/wp-content/uploads/2025/07/1751481655-5164-mEStkWZB2cvPn9haL9JZrZIwlkD.jpg?resize=200,300",2019
CompletedJigoku Sensei Nube (2025)2025EP13TV,https://otakudesu.fit/series/jigoku-sensei-nube-2025/,"https://i2.wp.com/otakudesu.fit/wp-content/uploads/2025/07/1751478722-8673-rsytua5oKGyqzX2sdCZcq5Cck2l.jpg?resize=200,300",2025
CompletedJidou Hanbaiki ni Umarekawatta Ore wa Meikyuu wo Samayou 2nd Season2023EP12TV,https://otakudesu.fit/series/jidou-hanbaiki-ni-umarekawatta-ore-wa-meikyuu-wo-samayou-2nd-season/,"https://i0.wp.com/otakudesu.fit/wp-content/uploads/2025/07/1751469780-4503-bY6oLDoxDyP7JNLVGjeO3udND4g.jpg?resize=200,300",2025
CompletedClevatess: Majuu no Ou to Akago to Kabane no Yuusha2025EP12TV,https://otakudesu.fit/series/clevatess-majuu-no-ou-to-akago-to-kabane-no-yuusha/,"https://i2.wp.com/otakudesu.fit/wp-content/uploads/2025/07/1751465134-8879-31I6eGFgYbbn5FMwzxOVlZfYETW.jpg?resize=200,300",2025
CompletedHitozuma no Kuchibiru wa Kan Chuuhai no Aji ga Shite2025EP8TV,https://otakudesu.fit/series/hitozuma-no-kuchibiru-wa-kan-chuuhai-no-aji-ga-shite/,"https://i3.wp.com/otakudesu.fit/wp-content/uploads/2025/07/1751427705-5241-tzNTUNhp97URlfiRAar9AjCNEUV.jpg?resize=200,300",2024
"CompletedNecronomico and the Cosmic Horror Show2025Ssummer,2025 EP12TV",https://otakudesu.fit/series/necronomico-and-the-cosmic-horror-show/,"https://i3.wp.com/otakudesu.fit/wp-content/uploads/2025/07/1751386368-4546-443pa7TaKbBM5VadgnAy4WHNZd7.jpg?resize=200,300",2025
"CompletedKanojo, Okarishimasu 4th Season2020EP12TV",https://otakudesu.fit/series/kanojo-okarishimasu-4th-season/,"https://i1.wp.com/otakudesu.fit/wp-content/uploads/2025/07/150808.jpg?resize=200,300",2024
CompletedMattaku Saikin no Tantei to Kitara2025EP12TV,https://otakudesu.fit/series/mattaku-saikin-no-tantei-to-kitara/,"https://i2.wp.com/otakudesu.fit/wp-content/uploads/2025/07/149460-1.jpg?resize=200,300",2025
CompletedKoujo Denka no Katei Kyoushi2025EP12TV,https://otakudesu.fit/series/koujo-denka-no-katei-kyoushi/,https://image.tmdb.org/t/p/w300/kRtR5jUcKHeTM0JzaF9SbwI5FD.jpg,2023
CompletedLord of Mysteries2025EP13TV,https://otakudesu.fit/series/lord-of-mysteries/,"https://i3.wp.com/otakudesu.fit/wp-content/uploads/2025/06/1751124525-5875-b1MJm65GaWggFTTOVocC1UT14O5.jpg?resize=200,300",2025
CompletedTakopii no Genzai2025EP8TV,https://otakudesu.fit/series/takopii-no-genzai/,"https://i2.wp.com/otakudesu.fit/wp-content/uploads/2025/06/1751041400-3563-s6vfArEHBen59M2lRlifVyeGX3T.jpg?resize=200,300",2023
CompletedSuki demo Kirai na Amanojaku-EP1TV,https://otakudesu.fit/series/suki-demo-kirai-na-amanojaku/,"https://i2.wp.com/otakudesu.fit/wp-content/uploads/2025/05/142716.jpg?resize=200,300",2011
CompletedShirobuta Kizoku desu ga Zense no Kioku ga Haeta node Hiyoko na Otouto Sodatemasu2025EP12TV,https://otakudesu.fit/series/shirobuta-kizoku-desu-ga-zense-no-kioku-ga-haeta-node-hiyoko-na-otouto-sodatemasu/,"https://i1.wp.com/otakudesu.fit/wp-content/uploads/2025/04/1745422782-9115-9XzYuXioQJr7Ry2KuHErLl8w6ff.jpg?resize=200,300",2025
CompletedLycoris Recoil: Friends are thieves of time.-EP6TV,https://otakudesu.fit/series/lycoris-recoil-friends-are-thieves-of-time/,https://image.tmdb.org/t/p/w300null,2024
CompletedSentai Daishikkaku 2nd Season2024EP12TV,https://otakudesu.fit/series/sentai-daishikkaku-2nd-season/,"https://i1.wp.com/otakudesu.fit/wp-content/uploads/2025/04/1744567346-9506-31a3X9rZOjNWWprPhA1lmgaFWmN.jpg?resize=200,300",-
CompletedUma Musume Cinderella Gray2025EP13TV,https://otakudesu.fit/series/umamusume-cinderella-gray/,"https://i0.wp.com/otakudesu.fit/wp-content/uploads/2025/04/1743936829-7786-ncq5uKIcifVITPIYT2G1KpUPMoW.jpg?resize=200,300",2025
CompletedHibi wa Sugiredo Meshi Umashi2025EP12TV,https://otakudesu.fit/series/hibi-wa-sugiredo-meshi-umashi/,"https://i0.wp.com/otakudesu.fit/wp-content/uploads/2025/04/1744481708-6732-8vC10CZfhXbKtCAJGIEMXBixa9t.jpg?resize=200,300",2025
Completedmono2025EP12TV,https://otakudesu.fit/series/mono/,"https://i2.wp.com/otakudesu.fit/wp-content/uploads/2025/04/1744479801-6449-2oBkd4ic7xjlDYpj3Vael2iVFwp.jpg?resize=200,300",2025
CompletedTeogonia2025EP12TV,https://otakudesu.fit/series/teogonia/,"https://i2.wp.com/otakudesu.fit/wp-content/uploads/2025/04/1744391077-6575-zGHrnnFc0p5Pf25qUaAv95JpnJC.jpg?resize=200,300",2024
CompletedNinja to Koroshiya no Futarigurashi2025EP12TV,https://otakudesu.fit/series/ninja-to-koroshiya-no-futarigurashi/,"https://i0.wp.com/otakudesu.fit/wp-content/uploads/2025/04/1744317080-9754-9D0Wnq426kYQpizGU3McFqxOXPe.jpg?resize=200,300",2024
CompletedUchuujin MuuMuu2025EP24TV,https://otakudesu.fit/series/uchuujin-muumuu/,"https://i2.wp.com/otakudesu.fit/wp-content/uploads/2025/04/1744220350-5658-fwgja4DMCksRVOJ9yGTrpe93LvS.jpg?resize=200,300",2005
CompletedApocalypse Hotel2025EP12TV,https://otakudesu.fit/series/apocalypse-hotel/,"https://i1.wp.com/otakudesu.fit/wp-content/uploads/2025/04/1744168763-9464-981mUCvLZ0Li4jRv1E9g1zuJ3mQ.jpg?resize=200,300",2012
CompletedKidou Senshi Gundam GQuuuuuuX2025EP12TV,https://otakudesu.fit/series/kidou-senshi-gundam-gquuuuuux/,"https://i0.wp.com/otakudesu.fit/wp-content/uploads/2025/04/1744132739-8474-cbYoRnnHg36vgpERK6TD7zUciph.jpg?resize=200,300",2025
CompletedShiunji-ke no Kodomotachi2025EP12TV,https://otakudesu.fit/series/shiunji-ke-no-kodomotachi/,"https://i3.wp.com/otakudesu.fit/wp-content/uploads/2025/04/1744123703-8721-iSSYooLNjjNvbGSqAxnL8LgtSMP.jpg?resize=200,300",2024
CompletedDevil May Cry 20252025EP8TV,https://otakudesu.fit/series/devil-may-cry-2025/,"https://i3.wp.com/otakudesu.fit/wp-content/uploads/2025/04/1744104947-9659-d9aqYyDymdl0HhexUQMT6dKUM4r.jpg?resize=200,300",2019
Completed#Compass 2.0－Sentou Setsuri Kaiseki System2025EP12TV,https://otakudesu.fit/series/compass-2-0%ef%bc%8dsentou-setsuri-kaiseki-system/,"https://i0.wp.com/otakudesu.fit/wp-content/uploads/2025/04/1744085677-8376-fjZLJVG2rWoelRJyhcNWhGjiQ6Y.jpg?resize=200,300",2019
CompletedChuuzenji-sensei Mononoke Kougiroku: Sensei ga Nazo wo Hodoite Shimau kara.2025EP12TV,https://otakudesu.fit/series/chuuzenji-sensei-mononoke-kougiroku-sensei-ga-nazo-wo-hodoite-shimau-kara/,"https://i1.wp.com/otakudesu.fit/wp-content/uploads/2025/04/148195.jpg?resize=200,300",2019
CompletedSummer Pockets2025EP26TV,https://otakudesu.fit/series/summer-pockets/,"https://i1.wp.com/otakudesu.fit/wp-content/uploads/2025/04/1744042640-8500-oM7STNLMwhyfkBC1uNrAknWvfPa.jpg?resize=200,300",2024
CompletedVigilante: Boku no Hero Academia Illegals2025EP14TV,https://otakudesu.fit/series/vigilante-boku-no-hero-academia-illegals/,"https://i3.wp.com/otakudesu.fit/wp-content/uploads/2025/04/1744041681-8058-pjwnuOyEhfsUFBTHjWHlhiaxKW0.jpg?resize=200,300",2025
CompletedZatsu Tabi: That’s Journey2025EP12TV,https://otakudesu.fit/series/zatsu-tabi-thats-journey/,"https://i2.wp.com/otakudesu.fit/wp-content/uploads/2025/04/1744037547-5512-s1gecBhbVnlkwQ9bJP1f4h5RMuG.jpg?resize=200,300",2011
CompletedAharen-san wa Hakarenai Season 22022EP12TV,https://otakudesu.fit/series/aharen-san-wa-hakarenai-season-2/,"https://i3.wp.com/otakudesu.fit/wp-content/uploads/2025/04/148355.jpg?resize=200,300",2025
CompletedKakushite! Makina San!!2025EP12TV,https://otakudesu.fit/series/kakushite-makina-san/,"https://i2.wp.com/otakudesu.fit/wp-content/uploads/2025/04/1743960872-3800-xf2ziRzpob7sTjUNtW1qkbWNKQF.jpg?resize=200,300",2023
CompletedChotto dake Ai ga Omoi Dark Elf ga Isekai kara Oikaketekita2025EP12TV,https://otakudesu.fit/series/chotto-dake-ai-ga-omoi-dark-elf-ga-isekai-kara-oikaketekita/,"https://i3.wp.com/otakudesu.fit/wp-content/uploads/2025/04/1743959630-1978-br6b3hhZQYOyN6zKS3INNxuLjla.jpg?resize=200,300",2013
CompletedGorilla no Kami kara Kago sareta Reijou wa Ouritsu Kishidan de Kawaigarareru2025EP12TV,https://otakudesu.fit/series/gorilla-no-kami-kara-kago-sareta-reijou-wa-ouritsu-kishidan-de-kawaigarareru/,"https://i3.wp.com/otakudesu.fit/wp-content/uploads/2025/04/1743954802-6040-qJ7OuLn37BbXOC47mXWvKTgOudW.jpg?resize=200,300",2024
CompletedMaebashi Witches2025EP12TV,https://otakudesu.fit/series/maebashi-witches/,"https://i1.wp.com/otakudesu.fit/wp-content/uploads/2025/04/1743951709-2312-XPGyXnistruJRuXeOWhbm69teb.jpg?resize=200,300",2025
CompletedWitch Watch2025EP25TV,https://otakudesu.fit/series/witch-watch/,"https://i1.wp.com/otakudesu.fit/wp-content/uploads/2025/04/1743937869-8518-48KKO5QHkowaCVsEpKLdvrzir3a.jpg?resize=200,300",2023
CompletedLazarus2025EP13TV,https://otakudesu.fit/series/lazarus/,"https://i1.wp.com/otakudesu.fit/wp-content/uploads/2025/04/1743936430-8029-8ViqUWPWh6aPZGQA57FMRVmaXZ1.jpg?resize=200,300",2024
CompletedTu Bian Yingxiong X2025EP24TV,https://otakudesu.fit/series/to-be-hero-x/,"https://i0.wp.com/otakudesu.fit/wp-content/uploads/2025/04/1743917156-8176-lIfjl7Jk6tFq35hbU9TZt5btro.jpg?resize=200,300",2024
CompletedShoushimin Series 2nd Season2024EP12TV,https://otakudesu.fit/series/shoushimin-series-2nd-season/,"https://i1.wp.com/otakudesu.fit/wp-content/uploads/2025/04/1743880788-6015-qYSvfn7OyVNB78ylL0m0Jw3oOrl.jpg?resize=200,300",2023
CompletedKuroshitsuji: Midori no Majo-hen2008EP13TV,https://otakudesu.fit/series/kuroshitsuji-midori-no-majo-hen/,"https://i2.wp.com/otakudesu.fit/wp-content/uploads/2025/04/1743871413-6636-iXGs130TRoUplHf0o86zp9MqAYc.jpg?resize=200,300",2025
"CompletedKatainaka no Ossan, Kensei ni Naru2025EP12TV",https://otakudesu.fit/series/katainaka-no-ossan-kensei-ni-naru/,"https://i2.wp.com/otakudesu.fit/wp-content/uploads/2025/04/1743870429-6259-oBz0U8cgtMP5fmF1OHBekSJl6Vh.jpg?resize=200,300",2019
CompletedKowloon Generic Romance2025EP13TV,https://otakudesu.fit/series/kowloon-generic-romance/,"https://i3.wp.com/otakudesu.fit/wp-content/uploads/2025/04/1743865540-9144-mgVWVE1bbwdhaYKeDW7WsumGvFd.jpg?resize=200,300",2024
CompletedGUILTY GEAR STRIVE: DUAL RULERS2025EP8TV,https://otakudesu.fit/series/guilty-gear-strive-dual-rulers/,"https://i1.wp.com/otakudesu.fit/wp-content/uploads/2025/04/1743864968-6814-tpRogsdGkXhog9q80I0XrOuEA4K.jpg?resize=200,300",2025
CompletedAnne Shirley2025EP24TV,https://otakudesu.fit/series/anne-shirley/,"https://i2.wp.com/otakudesu.fit/wp-content/uploads/2025/04/1743863557-4549-jRbV0vcG1YsOWZXxdo65OoE4ti9.jpg?resize=200,300",2024
CompletedSlime Taoshite 300-nen Shiranai Uchi ni Level MAX ni Nattemashita: Sono ni2021EP12TV,https://otakudesu.fit/series/slime-taoshite-300-nen-shiranai-uchi-ni-level-max-ni-nattemashita-sono-ni/,"https://i2.wp.com/otakudesu.fit/wp-content/uploads/2025/04/1743863010-7582-oN8fY2He8Fb87uL67I7ctf63mR4.jpg?resize=200,300",2015
CompletedShin Samurai-den YAIBA2025EP24TV,https://otakudesu.fit/series/shin-samurai-den-yaiba/,"https://i0.wp.com/otakudesu.fit/wp-content/uploads/2025/04/1743862412-8567-cxD3FQP4hDU5hSABwdQCvGrrnz6.jpg?resize=200,300",2023
CompletedNazotoki wa Dinner no Ato de2025EP12TV,https://otakudesu.fit/series/nazotoki-wa-dinner-no-ato-de/,"https://i1.wp.com/otakudesu.fit/wp-content/uploads/2025/04/1743824882-1934-yKK5JWPalJ9j8GiTj1s80l46dFZ.jpg?resize=200,300",2024
CompletedEnen no Shouboutai: San no Shou2019EP12TV,https://otakudesu.fit/series/enen-no-shouboutai-san-no-shou/,"https://i2.wp.com/otakudesu.fit/wp-content/uploads/2025/04/1743794075-8347-xg9y6QLZMkQWryymXvESSDBSLm0.jpg?resize=200,300",2025
CompletedBye Bye Earth Season 22024EP11TV,https://otakudesu.fit/series/bye-bye-earth-season-2/,"https://i0.wp.com/otakudesu.fit/wp-content/uploads/2025/04/1743778878-3235-iuo2jor1Hya3bT1imNxEScgoh5o.jpg?resize=200,300",2025
"CompletedDanjo no Yuujou wa Seiritsu suru? (Iya, Shinai!!)2025EP12TV",https://otakudesu.fit/series/danjo-no-yuujou-wa-seiritsu-suru-iya-shinai/,"https://i0.wp.com/otakudesu.fit/wp-content/uploads/2025/04/1743776788-1503-qA1rPZelGQ2DRDSLh38dGMrZrX5.jpg?resize=200,300",2024
CompletedWIND BREAKER Season 22024EP12TV,https://otakudesu.fit/series/wind-breaker-season-2/,"https://i0.wp.com/otakudesu.fit/wp-content/uploads/2025/04/1743701751-1072-3kTFL3PAeTyS8gGZAh0iYG6NNjt.jpg?resize=200,300",2024
CompletedRock wa Lady no Tashinami Deshite2025EP13TV,https://otakudesu.fit/series/rock-wa-lady-no-tashinami-deshite/,"https://i2.wp.com/otakudesu.fit/wp-content/uploads/2025/04/1743701546-1704-q7C7JLiqGTQEx0U7FjpngrPgxeK.jpg?resize=200,300",2025
CompletedIsshun de Chiryou Shiteita no ni Yakutatazu to Tsuihou Sareta Tensai Chiyushi Yami Healer Toshite Tanoshiku Ikiru2025EP12TV,https://otakudesu.fit/series/isshun-de-chiryou-shiteita-no-ni-yakutatazu-to-tsuihou-sareta-tensai-chiyushi-yami-healer-toshite-tanoshiku-ikiru/,"https://i0.wp.com/otakudesu.fit/wp-content/uploads/2025/04/1743693755-9582-PEEsFbM6ybhSbHEofxV2l5LWOw.jpg?resize=200,300",2024
CompletedKanpekisugite Kawaige ga Nai to Konyaku Haki sareta Seijo wa Ringoku ni Urareru2025EP12TV,https://otakudesu.fit/series/kanpekisugite-kawaige-ga-nai-to-konyaku-haki-sareta-seijo-wa-ringoku-ni-urareru/,"https://i0.wp.com/otakudesu.fit/wp-content/uploads/2025/04/1743615232-8266-9PwQYncRgFiPidLWeZYJqOrEKg8.jpg?resize=200,300",2025
"CompletedHaite Kudasai, Takamine-san2025EP12TV",https://otakudesu.fit/series/please-put-them-on-takamine-san/,"https://i2.wp.com/otakudesu.fit/wp-content/uploads/2025/04/1743614164-6081-txWchtfmIyNz4yRQNxbipFgL9fu.jpg?resize=200,300",2023
CompletedYour Forma2025EP13TV,https://otakudesu.fit/series/your-forma/,"https://i1.wp.com/otakudesu.fit/wp-content/uploads/2025/04/1743613177-8851-g0NFMpqPuon5iJRaNtalYBcyMJo.jpg?resize=200,300",2019
CompletedSaikyou no Ousama Nidome no Jinsei wa Nani wo Suru?2025EP12TV,https://otakudesu.fit/series/saikyou-no-ousama-nidome-no-jinsei-wa-nani-wo-suru/,"https://i0.wp.com/otakudesu.fit/wp-content/uploads/2025/04/1743565923-5841-az0jQSgRLezKw5uHaEjPH20NexD.jpg?resize=200,300",2024
Ballpark de Tsukamaete!2025EP12TV,https://otakudesu.fit/series/ballpark-de-tsukamaete/,"https://i0.wp.com/otakudesu.fit/wp-content/uploads/2025/04/1743529094-1736-A4rOZ7yIgBLMsjBGqjqZ2baurhJ.jpg?resize=200,300",2016
CompletedAru Majo ga Shinu Made2025EP12TV,https://otakudesu.fit/series/aru-majo-ga-shinu-made/,"https://i2.wp.com/otakudesu.fit/wp-content/uploads/2025/04/1743528163-3709-kBID23YsUdVdDSS577lG4HJ7DLU.jpg?resize=200,300",2023
CompletedKijin Gentoushou2025EP24TV,https://otakudesu.fit/series/kijin-gentoushou/,"https://i3.wp.com/otakudesu.fit/wp-content/uploads/2025/03/1743444164-3515-8BNGnDKMaDvpmkTd6z9pQL97Upe.jpg?resize=200,300",2025
"CompletedKanchigai no Atelier Meister: Eiyuu Party no Moto Zatsuyougakari ga, Jitsu wa Sentou Igai ga SSS Rank Datta to Iu Yoku Aru Hanashi2025EP12TV",https://otakudesu.fit/series/kanchigai-no-atelier-meister-eiyuu-party-no-moto-zatsuyougakari-ga-jitsu-wa-sentou-igai-ga-sss-rank-datta-to-iu-yoku-aru-hanashi/,"https://i2.wp.com/otakudesu.fit/wp-content/uploads/2025/03/1743399335-9563-uZ7uXnU2CeJ3vlmzth1Owd2hVm4.jpg?resize=200,300",2025
CompletedOre wa Seikan Kokka no Akutoku Ryoushu!2025EP12TV,https://otakudesu.fit/series/ore-wa-seikan-kokka-no-akutoku-ryoushu/,"https://i3.wp.com/otakudesu.fit/wp-content/uploads/2025/03/1742921576-8971-iLxdkh4wgQ6bkF9cwiz20eLIcWY.jpg?resize=200,300",2025
SK∞ Extra Part-EP1TV,https://otakudesu.fit/series/sk%e2%88%9e-extra-part/,https://otakudesu.fit/wp-content/themes/otakudesu/assets/img/noimage.png,2024
CompletedSentai Red Isekai de Boukensha ni Naru2024EP12TV,https://otakudesu.fit/series/sentai-red-isekai-de-boukensha-ni-naru/,"https://i0.wp.com/otakudesu.fit/wp-content/uploads/2025/01/1736673506-4555-tkhMzWi33pPpyxJDwAs3xiqLiGA.jpg?resize=200,300",2021
Kinnikuman: Kanpeki Choujin Shiso-hen Season 22024EP8TV,https://otakudesu.fit/series/kinnikuman-kanpeki-choujin-shiso-hen-season-2/,"https://i3.wp.com/otakudesu.fit/wp-content/uploads/2025/01/1736673401-8333-tkhMzWi33pPpyxJDwAs3xiqLiGA.jpg?resize=200,300",2025
CompletedKimi no Koto ga Dai Dai Dai Dai Daisuki na 100-nin no Kanojo 2nd Season2023EP12TV,https://otakudesu.fit/series/kimi-no-koto-ga-dai-dai-dai-dai-daisuki-na-100-nin-no-kanojo-2nd-season/,"https://i3.wp.com/otakudesu.fit/wp-content/uploads/2025/01/1736673287-5412-ms7uowQ6gBjfaB2zzwugfr30IKZ.jpg?resize=200,300",2025
Mashin Souzouden Wataru2025EP12TV,https://otakudesu.fit/series/mashin-souzouden-wataru/,"https://i2.wp.com/otakudesu.fit/wp-content/uploads/2025/01/1736673163-8435-oeRcjRVXLDUe2gq8niQztrQh5zN.jpg?resize=200,300",2023
CompletedJibaku Shounen Hanako-kun 22020EP12TV,https://otakudesu.fit/series/jibaku-shounen-hanako-kun-2/,"https://i0.wp.com/otakudesu.fit/wp-content/uploads/2025/01/1736673035-6865-qp2XSpNzopObSPkSAi7sujAsdh3.jpg?resize=200,300",2023
"CompletedA-Rank Party wo Ridatsu Shita Ore wa, Moto Oshiegotachi to Meikyuu Shinbu wo Mezasu.2025EP24TV",https://otakudesu.fit/series/a-rank-party-wo-ridatsu-shita-ore-wa-moto-oshiegotachi-to-meikyuu-shinbu-wo-mezasu/,"https://i1.wp.com/otakudesu.fit/wp-content/uploads/2025/01/1736563854-1577-I0AU52dvJzQptvbmWfVnVBgm75.jpg?resize=200,300",-
Baban Baban Ban Vampire2025EP12TV,https://otakudesu.fit/series/baban-baban-ban-vampire/,https://image.tmdb.org/t/p/w300null,2008
UniteUp!: Uni:Birth2023EP10TV,https://otakudesu.fit/series/uniteup-unibirth/,"https://i0.wp.com/otakudesu.fit/wp-content/uploads/2025/01/1736563623-2946-hTmTMf5MyQbizGGfcY6dkYJcAwP.jpg?resize=200,300",2024
CompletedSAKAMOTO DAYS2025EP11TV,https://otakudesu.fit/series/sakamoto-days/,"https://i1.wp.com/otakudesu.fit/wp-content/uploads/2025/01/1736563222-4563-qTNIxDIzKjLLuS17fxdXjcKAlW7.jpg?resize=200,300",2023
Cardfight!! Vanguard: Divinez – Deluxe-hen2021EP3TV,https://otakudesu.fit/series/cardfight-vanguard-divinez-deluxe-hen/,"https://i0.wp.com/otakudesu.fit/wp-content/uploads/2025/01/1736563072-4187-arGGGiyE2CK4CJ0hPfoyR0Knkvh.jpg?resize=200,300",2025
"CompletedGuild no Uketsukejou desu ga, Zangyou wa Iya nanode Boss wo Solo Tobatsu Shiyou to Omoimasu2025EP12TV",https://otakudesu.fit/series/guild-no-uketsukejou-desu-ga-zangyou-wa-iya-nanode-boss-wo-solo-tobatsu-shiyou-to-omoimasu/,"https://i1.wp.com/otakudesu.fit/wp-content/uploads/2025/01/1736528861-1580-jr5S6gzco5drm4QieAfVudA34Hm.jpg?resize=200,300",2025
Mahoutsukai Precure!! MIRAI DAYS2016EP7TV,https://otakudesu.fit/series/mahoutsukai-precure-mirai-days/,"https://i0.wp.com/otakudesu.fit/wp-content/uploads/2025/01/1736477195-3886-cySJlj59YKsEo29h0GB5sQrqFIA.jpg?resize=200,300",2025
Übel Blatt2025EP12TV,https://otakudesu.fit/series/ubel-blatt/,"https://i3.wp.com/otakudesu.fit/wp-content/uploads/2025/01/1736477056-9813-8Ji06qCoYMg6jgGPqFtbgEvA9Mk.jpg?resize=200,300",2024
CompletedKusuriya no Hitorigoto 2nd Season2023EP24TV,https://otakudesu.fit/series/kusuriya-no-hitorigoto-2nd-season/,"https://i1.wp.com/otakudesu.fit/wp-content/uploads/2025/01/1736476835-7816-e3ojpANrFnmJCyeBNTinYwyBCIN.jpg?resize=200,300",2023
CompletedFarmagia2025EP12TV,https://otakudesu.fit/series/farmagia/,"https://i0.wp.com/otakudesu.fit/wp-content/uploads/2025/01/1736476674-9488-9b3WxClXnOud4JwHeWttX0sHOJV.jpg?resize=200,300",2025
CompletedNihon e Youkoso Elf-san.2025EP12TV,https://otakudesu.fit/series/nihon-e-youkoso-elf-san/,"https://i2.wp.com/otakudesu.fit/wp-content/uploads/2025/01/1736476503-5043-dTHuaL41DzvSByG4jyn26KXZw4E.jpg?resize=200,300",2025
CompletedDouse Koishite Shimaunda2025EP12TV,https://otakudesu.fit/series/douse-koishite-shimaunda/,"https://i0.wp.com/otakudesu.fit/wp-content/uploads/2025/01/1736408593-9905-xhzOvuG2gyeiDDSFKE31b008odP.jpg?resize=200,300",2025
Sousei no Aquarion: Myth of Emotions2005EP12TV,https://otakudesu.fit/series/sousei-no-aquarion-myth-of-emotions/,"https://i0.wp.com/otakudesu.fit/wp-content/uploads/2025/01/1736408458-9028-b7nYCiRLElXOcSICrZ8jdBqQP1m.jpg?resize=200,300",2023
CompletedAkuyaku Reijou Tensei Oji-san2025EP12TV,https://otakudesu.fit/series/akuyaku-reijou-tensei-oji-san/,"https://i2.wp.com/otakudesu.fit/wp-content/uploads/2025/01/1736408282-9940-gkWFukI6zs2brCGvEy5ZNlfjgJp.jpg?resize=200,300",2023
CompletedFuguushoku [Kanteishi] ga Jitsu wa Saikyou Datta: Naraku de Kitaeta Saikyou no [Shingan] de Musou Suru2025EP12TV,https://otakudesu.fit/series/fuguushoku-kanteishi-ga-jitsu-wa-saikyou-datta-naraku-de-kitaeta-saikyou-no-shingan-de-musou-suru/,"https://i0.wp.com/otakudesu.fit/wp-content/uploads/2025/01/1736408059-6317-iWQchD5iAc3Ou9zTQnPuNbLPsLB.jpg?resize=200,300",2024
CompletedDr. STONE: SCIENCE FUTURE2019EP12TV,https://otakudesu.fit/series/dr-stone-science-future/,"https://i3.wp.com/otakudesu.fit/wp-content/uploads/2025/01/1736407926-3059-xbZQ3fDl0y5mt0ARwfeyrgQ4JTw.jpg?resize=200,300",2024
CompletedArafou Otoko no Isekai Tsuuhan Seikatsu2025EP13TV,https://otakudesu.fit/series/arafou-otoko-no-isekai-tsuuhan-seikatsu/,"https://i3.wp.com/otakudesu.fit/wp-content/uploads/2025/01/1736407780-3787-mpQjKNcka5SG6TN2N4hBf9aAS2o.jpg?resize=200,300",2025
CompletedHoney Lemon Soda2025EP12TV,https://otakudesu.fit/series/honey-lemon-soda/,"https://i0.wp.com/otakudesu.fit/wp-content/uploads/2025/01/1736309313-7276-aSGNq7YltfDNVJU7glwho5ZfBkw.jpg?resize=200,300",2023
CompletedMagic Maker: Isekai Mahou no Tsukurikata2025EP12TV,https://otakudesu.fit/series/magic-maker-isekai-mahou-no-tsukurikata/,"https://i2.wp.com/otakudesu.fit/wp-content/uploads/2025/01/bx179297-qaG8nCqMpR3o-1.jpg?resize=200,300",2020
CompletedIshura 2nd Season2024EP12TV,https://otakudesu.fit/series/ishura-2nd-season/,"https://i2.wp.com/otakudesu.fit/wp-content/uploads/2025/01/bx176234-Wx2rAYr7YSD8-1.jpg?resize=200,300",2025
"CompletedHana wa Saku, Shura no Gotoku2025EP12TV",https://otakudesu.fit/series/hana-wa-saku-shura-no-gotoku/,"https://i1.wp.com/otakudesu.fit/wp-content/uploads/2025/01/1736257790-2029-rvQlD3sjnsX3FG4rrt0jVece7Bm.jpg?resize=200,300",2024
CompletedUnnamed Memory Act.22024EP12TV,https://otakudesu.fit/series/unnamed-memory-act-2/,"https://i3.wp.com/otakudesu.fit/wp-content/uploads/2025/01/bx178550-1mjYHtOwiqkC.jpg?resize=200,300",2023
"CompletedBotsuraku Yotei no Kizoku dakedo, Hima Datta kara Mahou wo Kiwamete mita2025EP13TV",https://otakudesu.fit/series/botsuraku-yotei-no-kizoku-dakedo-hima-datta-kara-mahou-wo-kiwamete-mita/,"https://i0.wp.com/otakudesu.fit/wp-content/uploads/2025/01/1736142634-9632-ssb1rdIIrT5WxK36yI9lACTe4fH.jpg?resize=200,300",2025
CompletedKuroiwa Medaka ni Watashi no Kawaii ga Tsuujinai2025EP12TV,https://otakudesu.fit/series/kuroiwa-medaka-ni-watashi-no-kawaii-ga-tsuujinai/,"https://i0.wp.com/otakudesu.fit/wp-content/uploads/2025/01/1736142401-9244-zDvweeiCCyAdJv9WHeQikFUGoGQ.jpg?resize=200,300",2024
CompletedKono Kaisha ni Suki na Hito ga Imasu2025EP12TV,https://otakudesu.fit/series/kono-kaisha-ni-suki-na-hito-ga-imasu/,"https://i3.wp.com/otakudesu.fit/wp-content/uploads/2025/01/1736142183-8842-a6RVShj5Cef8t7kbuBPC2czjWVW.jpg?resize=200,300",2024
CompletedWatashi no Shiawase na Kekkon 2nd Season2023EP14TV,https://otakudesu.fit/series/watashi-no-shiawase-na-kekkon-2nd-season/,"https://i0.wp.com/otakudesu.fit/wp-content/uploads/2025/01/1736141652-5876-5RZIBqSYHhpQF6s8Dgw2aXlA4ZS.jpg?resize=200,300",2021
Mahoutsukai no Yakusoku2025EP11TV,https://otakudesu.fit/series/mahoutsukai-no-yakusoku/,"https://i2.wp.com/otakudesu.fit/wp-content/uploads/2025/01/1736141356-9010-jVNwrMKhCnTWITeZq43c0xae6Pd.jpg?resize=200,300",2025
CompletedZenshuu.2025EP12TV,https://otakudesu.fit/series/zenshuu/,"https://i0.wp.com/otakudesu.fit/wp-content/uploads/2025/01/1736067700-9618-vuKujQdZWoYsJjiDb2LJTaa1S2u.jpg?resize=200,300",2023
CompletedKisaki Kyouiku kara Nigetai Watashi2025EP12TV,https://otakudesu.fit/series/kisaki-kyouiku-kara-nigetai-watashi/,"https://i1.wp.com/otakudesu.fit/wp-content/uploads/2025/01/bx170650-iVQC67atMVj3.png?resize=200,300",2025
Completed0-saiji Start Dash Monogatari Season 22024EP12TV,https://otakudesu.fit/series/0-saiji-start-dash-monogatari-season-2/,https://image.tmdb.org/t/p/w300/qtYsZKmZejpaaOHJDSI6SOOThLs.jpg,2025
CompletedOkinawa de Suki ni Natta Ko ga Hougen Sugite Tsura Sugiru2025EP12TV,https://otakudesu.fit/series/okinawa-de-suki-ni-natta-ko-ga-hougen-sugite-tsura-sugiru/,"https://i0.wp.com/otakudesu.fit/wp-content/uploads/2025/01/1735947360-9251-4NbO1QPoxZwiYdffJwcV4bNmdbo.jpg?resize=200,300",2024
Yami Shibai 142013EP9TV,https://otakudesu.fit/series/yami-shibai-14/,"https://i2.wp.com/otakudesu.fit/wp-content/uploads/2025/01/1735947137-3690-bF6QY4w7jr8UNHtEQsNmh6DDRML.jpg?resize=200,300",2025
CompletedMedalist2025EP13TV,https://otakudesu.fit/series/medalist/,"https://i0.wp.com/otakudesu.fit/wp-content/uploads/2025/01/1735946908-8983-7DXsDnyOTTlqcj1fKrNQz8Ftxco.jpg?resize=200,300",2024
CompletedAo no Exorcist: Yosuga-hen2011EP12TV,https://otakudesu.fit/series/ao-no-exorcist-yosuga-hen/,"https://i1.wp.com/otakudesu.fit/wp-content/uploads/2025/01/1735946733-5004-kpNoqNmElzGUEcEoZyfFwvYXMsR.jpg?resize=200,300",2024
CompletedOre dake Level Up na Ken: Season 2 – Arise from the Shadow2024EP13TV,https://otakudesu.fit/series/ore-dake-level-up-na-ken-season-2-arise-from-the-shadow/,"https://i2.wp.com/otakudesu.fit/wp-content/uploads/2025/01/1735946416-5559-geCRueV3ElhRTr0xtJuEWJt6dJ1.jpg?resize=200,300",2023
NEET Kunoichi to Naze ka Dousei Hajimemashita2025EP13TV,https://otakudesu.fit/series/neet-kunoichi-to-naze-ka-dousei-hajimemashita/,"https://i3.wp.com/otakudesu.fit/wp-content/uploads/2025/01/1735946137-7138-knHI7kIy7TOMCSjNQaJBiPQXtQU.jpg?resize=200,300",2024
CompletedTasokare Hotel2025EP13TV,https://otakudesu.fit/series/tasokare-hotel/,"https://i1.wp.com/otakudesu.fit/wp-content/uploads/2025/01/1735916792-1503-uzbRIMQ0sUGhIAJKTRUOy1CrEcv.jpg?resize=200,300",2025
CompletedSorairo Utility (TV)2025EP13TV,https://otakudesu.fit/series/sorairo-utility-tv/,"https://i0.wp.com/otakudesu.fit/wp-content/uploads/2025/01/1735882763-3523-saOl7YyYpO6fP70WSCCyZtGRske.jpg?resize=200,300",2023
Class no Daikirai na Joshi to Kekkon Suru Koto ni Natta.2025EP13TV,https://otakudesu.fit/series/class-no-daikirai-na-joshi-to-kekkon-suru-koto-ni-natta/,"https://i3.wp.com/otakudesu.fit/wp-content/uploads/2025/01/1735882659-6994-jgS1A7VwYCjVs7SWvZhobDWLpkG.jpg?resize=200,300",2025
BanG Dream! Ave Mujica2025EP13TV,https://otakudesu.fit/series/bang-dream-ave-mujica/,"https://i0.wp.com/otakudesu.fit/wp-content/uploads/2025/01/1735794074-4470-nLrwrdWW8z0ajDe6hVC1qkj8V3R.jpg?resize=200,300",2023
CompletedMomentary Lily2025EP13TV,https://otakudesu.fit/series/momentary-lily/,"https://i0.wp.com/otakudesu.fit/wp-content/uploads/2025/01/1735793931-2446-b1P8nbIsvlJ57r0637cda2S6VAz.jpg?resize=200,300",2022
CompletedGrisaia: Phantom Trigger THE ANIMATION (TV)2019EP13TV,https://otakudesu.fit/series/grisaia-phantom-trigger-the-animation-tv/,"https://i2.wp.com/otakudesu.fit/wp-content/uploads/2025/01/1735720487-9093-yEtlPrsyC2Ge3EYKvSXxyAouCzT.jpg?resize=200,300",2018
CompletedAmeku Takao no Suiri Karte2025EP12TV,https://otakudesu.fit/series/ameku-takao-no-suiri-karte/,"https://i2.wp.com/otakudesu.fit/wp-content/uploads/2025/01/1735719796-3377-fWlCXl6nFEY2c3VZtqTZm8TkTIz.jpg?resize=200,300",2024
CompletedSalaryman ga Isekai ni Ittara Shitennou ni Natta Hanashi-EP13TV,https://otakudesu.fit/series/4994/,"https://i3.wp.com/otakudesu.fit/wp-content/uploads/2025/01/bx179689-kmlqdU3IbxeM.jpg?resize=200,300",2019
CompletedIzure Saikyou no Renkinjutsushi?2025EP13TV,https://otakudesu.fit/series/4992/,https://image.tmdb.org/t/p/w300/qfdzcGkQ0j1YEYBO7XZctlFz6FY.jpg,2024
CompletedHazure Skill “Kinomi Master”: Skill no Mi (Tabetara Shinu) wo Mugen ni Taberareru You ni Natta Ken ni Tsuite2024EP12TV,https://otakudesu.fit/series/hazure-skill-kinomi-master-skill-no-mi-tabetara-shinu-wo-mugen-ni-taberareru-you-ni-natta-ken-ni-tsuite/,"https://i1.wp.com/otakudesu.fit/wp-content/uploads/2025/01/1735706437-7916-sy8OTK68SerisyO3QaoSAp4NehX.jpg?resize=200,300",2024
Fate/strange Fake2024EP1TV,https://otakudesu.fit/series/fate-strange-fake/,"https://i3.wp.com/otakudesu.fit/wp-content/uploads/2025/01/1735706232-2483-2r5MEaLYl5lZxzgfSmrDybipngl.jpg?resize=200,300",2025
"CompletedS-Rank Monster no “Behemoth” dakedo, Neko to Machigawarete Elf Musume no Pet toshite Kurashitemasu2025EP12TV",https://otakudesu.fit/series/s-rank-monster-no-behemoth-dakedo-neko-to-machigawarete-elf-musume-no-pet-toshite-kurashitemasu/,"https://i2.wp.com/otakudesu.fit/wp-content/uploads/2024/12/1735395687-2228-xN4dgkzgZXux3Jv3sH9sk3Crrcz.jpg?resize=200,300",2022
CompletedOne Piece: Gyojin Tou-hen2024EP21TV,https://otakudesu.fit/series/one-piece-gyojin-tou-hen/,"https://i0.wp.com/otakudesu.fit/wp-content/uploads/2024/11/1730607166-7612-96oPsId8GAMSt94wq1n655gKZS1.jpg?resize=200,300",2021
CompletedAo no Miburo2024EP24TV,https://otakudesu.fit/series/ao-no-miburo/,"https://i3.wp.com/otakudesu.fit/wp-content/uploads/2024/10/1729345410-4795-jztaf4JuF8FJ5pNXnEqodHuETFY.jpg?resize=200,300",2024
CompletedArifureta Shokugyou de Sekai Saikyou Season 32019EP16TV,https://otakudesu.fit/series/arifureta-shokugyou-de-sekai-saikyou-season-3/,"https://i3.wp.com/otakudesu.fit/wp-content/uploads/2024/10/145597.jpg?resize=200,300",2025
Bananya: Around the World2016EP1TV,https://otakudesu.fit/series/bananya-around-the-world/,"https://i0.wp.com/otakudesu.fit/wp-content/uploads/2024/10/1728898604-9558-nkHA9QgrHLh3vEq4WL5itDZAiCt.jpg?resize=200,300",2024
Shangri-La Frontier Season 22023EP25TV,https://otakudesu.fit/series/shangri-la-frontier-season-2/,"https://i0.wp.com/otakudesu.fit/wp-content/uploads/2024/10/144794.jpg?resize=200,300",2024
CompletedMaou 20992024EP12TV,https://otakudesu.fit/series/maou-2099/,"https://i3.wp.com/otakudesu.fit/wp-content/uploads/2024/10/1728752270-2171-mU7QgTm2WadwVoT7jDyMY9Czpsj.jpg?resize=200,300",2025
CompletedDragon Ball Daima2024EP21TV,https://otakudesu.fit/series/dragon-ball-daima/,https://image.tmdb.org/t/p/w300/cIDPZMGsiVHkHA6HPJmEmGcgyyw.jpg,2025
Houkago Shounen Hanako-kun Part 22023EP5TV,https://otakudesu.fit/series/houkago-shounen-hanako-kun-part-2/,"https://i0.wp.com/otakudesu.fit/wp-content/uploads/2024/10/1728567364-7609-6qtqmilWKwgbcz7l31aTvj7Edmu.jpg?resize=200,300",2024
CompletedYarinaoshi Reijou wa Ryuutei Heika wo Kouryakuchuu2024EP13TV,https://otakudesu.fit/series/yarinaoshi-reijou-wa-ryuutei-heika-wo-kouryakuchuu/,"https://i3.wp.com/otakudesu.fit/wp-content/uploads/2024/10/1728495397-9274-nbvyGMjhMyMLVfmT69h8xysWSS0.jpg?resize=200,300",2025
CompletedYoukai Gakkou no Sensei Hajimemashita2024EP24TV,https://otakudesu.fit/series/youkai-gakkou-no-sensei-hajimemashita/,"https://i3.wp.com/otakudesu.fit/wp-content/uploads/2024/10/145662.jpg?resize=200,300",2024
CompletedOoi! Tonbo 2nd Season2024EP13TV,https://otakudesu.fit/series/ooi-tonbo-2nd-season/,"https://i0.wp.com/otakudesu.fit/wp-content/uploads/2024/10/145549.jpg?resize=200,300",2023
CompletedNanatsu no Taizai: Mokushiroku no Yonkishi 2nd Season2023EP13TV,https://otakudesu.fit/series/nanatsu-no-taizai-mokushiroku-no-yonkishi-2nd-season/,"https://i1.wp.com/otakudesu.fit/wp-content/uploads/2024/10/145389.jpg?resize=200,300",2024
CompletedHoshifuru Oukoku no Nina2024EP13TV,https://otakudesu.fit/series/hoshifuru-oukoku-no-nina/,"https://i2.wp.com/otakudesu.fit/wp-content/uploads/2024/10/144553.jpg?resize=200,300",2024
CompletedSeirei Gensouki 22021EP13TV,https://otakudesu.fit/series/seirei-gensouki-2/,"https://i0.wp.com/otakudesu.fit/wp-content/uploads/2024/10/144583.jpg?resize=200,300",2024
CompletedNatsume Yuujinchou Shichi2008EP13TV,https://otakudesu.fit/series/natsume-yuujinchou-shichi/,"https://i2.wp.com/otakudesu.fit/wp-content/uploads/2024/10/1728319007-1452-73SgwVqG9XeZwo7pNMZyj1gr6Y9.jpg?resize=200,300",2025
CompletedRaise wa Tanin ga Ii2024EP13TV,https://otakudesu.fit/series/3969/,"https://i1.wp.com/otakudesu.fit/wp-content/uploads/2024/10/143773-1.jpg?resize=200,300",2025
The iDOLM@STER Shiny Colors 2nd Season2024EP13TV,https://otakudesu.fit/series/the-idolmster-shiny-colors-2nd-season-2/,"https://i1.wp.com/otakudesu.fit/wp-content/uploads/2024/10/1728311492-5087-plv79G8KMsN4U8keajQKva3aSCy.jpg?resize=200,300",2023
CompletedKamonohashi Ron no Kindan Suiri 2nd Season2023EP13TV,https://otakudesu.fit/series/kamonohashi-ron-no-kindan-suiri-2nd-season/,"https://i3.wp.com/otakudesu.fit/wp-content/uploads/2024/10/1728265714-6569-79fk0GLg3vJsjL3uv13NVwcFbE3.jpg?resize=200,300",2024
CompletedHaigakura2024EP13TV,https://otakudesu.fit/series/haigakura/,"https://i1.wp.com/otakudesu.fit/wp-content/uploads/2024/10/1728265445-7901-8qKJs4PeCBscnb76eYg1unl153v.jpg?resize=200,300",2022
Neko ni Tensei Shita Oji-san2024EP13TV,https://otakudesu.fit/series/neko-ni-tensei-shita-oji-san/,"https://i1.wp.com/otakudesu.fit/wp-content/uploads/2024/10/1728265143-4894-TBwZtDO3NXzNFEpYL4Z2h7OwmS.jpg?resize=200,300",2021
Puniru wa Kawaii Slime2024EP13TV,https://otakudesu.fit/series/puniru-wa-kawaii-slime/,"https://i2.wp.com/otakudesu.fit/wp-content/uploads/2024/10/1728264799-1641-fgQTJa7R5fYE12BL5BtJNAVsYtX.jpg?resize=200,300",2025
CompletedLove Live! Superstar!! 3rd Season2021EP12TV,https://otakudesu.fit/series/love-live-superstar-3rd-season/,"https://i3.wp.com/otakudesu.fit/wp-content/uploads/2024/10/1728234887-6630-gFs2oxAjyzMu7Bx9mUJKeW3K4ym.jpg?resize=200,300",2024
CompletedMF Ghost 2nd Season2023EP13TV,https://otakudesu.fit/series/mf-ghost-2nd-season/,"https://i2.wp.com/otakudesu.fit/wp-content/uploads/2024/10/145338.jpg?resize=200,300",2023
CompletedKami no Tou: Koubou-sen2020EP14TV,https://otakudesu.fit/series/kami-no-tou-koubou-sen/,"https://i3.wp.com/otakudesu.fit/wp-content/uploads/2024/10/145819.jpg?resize=200,300",2025
"CompletedTsuma, Shougakusei ni Naru.2024EP13TV",https://otakudesu.fit/series/tsuma-shougakusei-ni-naru/,"https://i0.wp.com/otakudesu.fit/wp-content/uploads/2024/10/145548.jpg?resize=200,300",2024
"CompletedParty kara Tsuihou sareta Sono Chiyushi, Jitsu wa Saikyou ni Tsuki2024EP13TV",https://otakudesu.fit/series/party-kara-tsuihou-sareta-sono-chiyushi-jitsu-wa-saikyou-ni-tsuki/,"https://i1.wp.com/otakudesu.fit/wp-content/uploads/2024/10/1728152643-5357-ukbkGIhH8cvirLIsyJdzdzJSCOl.jpg?resize=200,300",2024
CompletedRanma ½ (2024)2024EP13TV,https://otakudesu.fit/series/ranma-%c2%bd-2024/,"https://i0.wp.com/otakudesu.fit/wp-content/uploads/2024/10/1728149867-7474-zQhwc27CWHM4zx9lJU9bI5FRQOm.jpg?resize=200,300",2024
CompletedChi.: Chikyuu no Undou ni Tsuite2024EP25TV,https://otakudesu.fit/series/3883/,"https://i0.wp.com/otakudesu.fit/wp-content/uploads/2024/10/145922.jpg?resize=200,300",2024
CompletedBlue Lock vs. U-20 Japan2022EP14TV,https://otakudesu.fit/series/blue-lock-vs-u-20-japan/,"https://i0.wp.com/otakudesu.fit/wp-content/uploads/2024/10/1728144390-3339-fT9W86KFA9Khy2hIbkfClI8IYDH.jpg?resize=200,300",2024
Elf-san wa Yaserarenai. Specials2024EP3TV,https://otakudesu.fit/series/elf-san-wa-yaserarenai-specials/,"https://i0.wp.com/otakudesu.fit/wp-content/uploads/2024/10/145457.jpg?resize=200,300",2024
CompletedKimi wa Meido-sama.2024EP13TV,https://otakudesu.fit/series/kimi-wa-meido-sama/,"https://i0.wp.com/otakudesu.fit/wp-content/uploads/2024/10/1728136638-8841-rohw3aNUXOhZC71V4oYGWKvYDOf.jpg?resize=200,300",2025
CompletedAo no Exorcist: Yuki no Hate-hen2011EP13TV,https://otakudesu.fit/series/ao-no-exorcist-yuki-no-hate-hen/,"https://i3.wp.com/otakudesu.fit/wp-content/uploads/2024/10/bx176311-OZudERHrpJJ0.jpg?resize=200,300",2024
CompletedBleach: Sennen Kessen-hen – Soukoku-tan2004EP14TV,https://otakudesu.fit/series/bleach-sennen-kessen-hen-soukoku-tan/,"https://i1.wp.com/otakudesu.fit/wp-content/uploads/2024/10/1728136313-2659-2EewmxXe72ogD0EaWM8gqa0ccIw.jpg?resize=200,300",2019
CompletedHamidashi Creative2024EP12TV,https://otakudesu.fit/series/hamidashi-creative/,"https://i3.wp.com/otakudesu.fit/wp-content/uploads/2024/10/1728136006-7568-1BUfd478D4OvhtRSdRJAZ5crvwz.jpg?resize=200,300",2025
CompletedKabushikigaisha Magi-Lumière2024EP13TV,https://otakudesu.fit/series/kabushikigaisha-magi-lumiere/,"https://i0.wp.com/otakudesu.fit/wp-content/uploads/2024/10/1728090480-2454-dBj8pKdhCTlTlpwWMsUmgPe3u5J.jpg?resize=200,300",2025
The iDOLM@STER: Shiny Colors 2nd season2024EP1TV,https://otakudesu.fit/series/the-idolmster-shiny-colors-2nd-season/,"https://i1.wp.com/otakudesu.fit/wp-content/uploads/2024/10/1728061312-8681-plv79G8KMsN4U8keajQKva3aSCy.jpg?resize=200,300",2024
CompletedTouhai: Ura Rate Mahjong Touhai Roku2024EP25TV,https://otakudesu.fit/series/touhai-ura-rate-mahjong-touhai-roku/,"https://i3.wp.com/otakudesu.fit/wp-content/uploads/2024/10/1728061215-7987-zmEd8mWnnK1pMNaJrURcDmNndSa.jpg?resize=200,300",2025
Mahoutsukai ni Narenakatta Onnanoko no Hanashi.2024EP13TV,https://otakudesu.fit/series/mahoutsukai-ni-narenakatta-onnanoko-no-hanashi/,"https://i3.wp.com/otakudesu.fit/wp-content/uploads/2024/10/1728061125-5715-zkmhnUebWwQaAIpNxflzu5b8D18.jpg?resize=200,300",2024
Kabushiki Gaisha Magi Lumiere2024EP11TV,https://otakudesu.fit/series/kabushiki-gaisha-magi-lumiere-2/,"https://i2.wp.com/otakudesu.fit/wp-content/uploads/2024/10/1728060882-8490-dBj8pKdhCTlTlpwWMsUmgPe3u5J.jpg?resize=200,300",2024
Hyakushou Kizoku 2nd Season2023EP11TV,https://otakudesu.fit/series/hyakushou-kizoku-2nd-season/,https://image.tmdb.org/t/p/w300/gfaUr4Wan5BmJxoPOgX3S1lbXXu.jpg,2025
CompletedRurouni Kenshin: Meiji Kenkaku Romantan – Kyoto Douran2023EP23TV,https://otakudesu.fit/series/rurouni-kenshin-meiji-kenkaku-romantan-kyoto-douran/,"https://i1.wp.com/otakudesu.fit/wp-content/uploads/2024/10/145530.jpg?resize=200,300",2024
CompletedSword Art Online Alternative: Gun Gale Online II2018EP13TV,https://otakudesu.fit/series/sword-art-online-alternative-gun-gale-online-ii/,"https://i2.wp.com/otakudesu.fit/wp-content/uploads/2024/10/1728004924-8584-mkFSXuWzPemM1Ok0sBHl0SAsFbX.jpg?resize=200,300",2025
Kabushiki Gaisha Magi Lumiere2024EP1TV,https://otakudesu.fit/series/kabushiki-gaisha-magi-lumiere/,"https://i1.wp.com/otakudesu.fit/wp-content/uploads/2024/10/1728004754-3057-dBj8pKdhCTlTlpwWMsUmgPe3u5J.jpg?resize=200,300",2024
"Kekkon suru tte, Hontou desu ka2024EP13TV",https://otakudesu.fit/series/kekkon-suru-tte-hontou-desu-ka/,"https://i3.wp.com/otakudesu.fit/wp-content/uploads/2024/10/145469.jpg?resize=200,300",2011
CompletedAo no Hako2024EP25TV,https://otakudesu.fit/series/ao-no-hako/,"https://i3.wp.com/otakudesu.fit/wp-content/uploads/2024/10/248748.jpg?resize=200,300",2025
"Sayounara Ryuusei, Konnichiwa Jinsei2024EP13TV",https://otakudesu.fit/series/sayounara-ryuusei-konnichiwa-jinsei/,https://otakudesu.fit/wp-content/uploads/2024/10/1v6cbNexbhpNXgZaEN92zVxJj2s.webp,2024
CompletedTrillion Game2024EP26TV,https://otakudesu.fit/series/trillion-game/,"https://i0.wp.com/otakudesu.fit/wp-content/uploads/2024/10/1727976695-9716-4raTP9bzjc5385GWoLJar3ko0Pk.jpg?resize=200,300",2024
Mecha-ude (TV)2024EP13TV,https://otakudesu.fit/series/mecha-ude-tv/,"https://i2.wp.com/otakudesu.fit/wp-content/uploads/2024/10/1727976556-7168-qPtBC9Cy9A5tmpqio1LSobGsF1Y.jpg?resize=200,300",2023
Dandadan2024EP13TV,https://otakudesu.fit/series/dandadan/,"https://i1.wp.com/otakudesu.fit/wp-content/uploads/2024/10/143719.jpg?resize=200,300",2020
CompletedDungeon ni Deai wo Motomeru no wa Machigatteiru Darou ka V: Houjou no Megami-hen2015EP16TV,https://otakudesu.fit/series/dungeon-ni-deai-wo-motomeru-no-wa-machigatteiru-darou-ka-v-houjou-no-megami-hen/,"https://i0.wp.com/otakudesu.fit/wp-content/uploads/2024/10/144738-1.jpg?resize=200,300",2024
Acro Trip2024EP12TV,https://otakudesu.fit/series/acro-trip/,"https://i2.wp.com/otakudesu.fit/wp-content/uploads/2024/10/1727949472-7543-m5rKz6sVlku4uEG53jwb01chs6O.jpg?resize=200,300",2024
NegaPosi Angler2024EP13TV,https://otakudesu.fit/series/negaposi-angler/,"https://i1.wp.com/otakudesu.fit/wp-content/uploads/2024/10/1727919578-7900-50YOJIJvCnTrohnMi1flWZIiGNt.jpg?resize=200,300",2023
Kinokoinu2024EP10TV,https://otakudesu.fit/series/kinokoinu/,"https://i2.wp.com/otakudesu.fit/wp-content/uploads/2024/10/1727919322-2926-2kjIui4ejGFtVMOtSAmjFwcsiKm.jpg?resize=200,300",2025
CompletedShin Tennis no Oujisama: U-17 World Cup Semifinal2022EP14TV,https://otakudesu.fit/series/shin-tennis-no-oujisama-u-17-world-cup-semifinal/,"https://i2.wp.com/otakudesu.fit/wp-content/uploads/2024/10/145670.jpg?resize=200,300",2004
Kankin Kuiki Level X2024EP6TV,https://otakudesu.fit/series/kankin-kuiki-level-x/,"https://i0.wp.com/otakudesu.fit/wp-content/uploads/2024/10/1727867811-3043-wlhdeBivMRi0iQnNdkKhZFSqdbO.jpg?resize=200,300",2024
CompletedShi Cao Lao Long Bei Guan Yi E Long Zhi Ming 2nd Season2022EP12TV,https://otakudesu.fit/series/shi-cao-lao-long-bei-guan-yi-e-long-zhi-ming-2nd-season/,https://otakudesu.fit/wp-content/uploads/2024/10/ptnP6pFkTzqn42bj2RgWiP67COK.webp,2024
CompletedRekishi ni Nokoru Akujo ni Naru zo2024EP14TV,https://otakudesu.fit/series/3725/,https://image.tmdb.org/t/p/w300/wWWuXgeHprSqB3Ffm6L9CV4McTk.jpg,2025
Amagami-san Chi no Enmusubi2024EP24TV,https://otakudesu.fit/series/amagami-san-chi-no-enmusubi/,"https://i3.wp.com/otakudesu.fit/wp-content/uploads/2024/10/1727795913-4673-zLECU0vhFL0bABkQGHe8ziz9VBF.jpg?resize=200,300",2024
CompletedSaikyou no Shienshoku “Wajutsushi” de Aru Ore wa Sekai Saikyou Clan wo Shitagaeru2024EP13TV,https://otakudesu.fit/series/saikyou-no-shienshoku-wajutsushi-de-aru-ore-wa-sekai-saikyou-clan-wo-shitagaeru/,"https://i1.wp.com/otakudesu.fit/wp-content/uploads/2024/09/1727711933-1152-179Ea4uk878hK022jfxZVZ0jLX6.jpg?resize=200,300",2025
Goukon ni Ittara Onna ga Inakatta Hanashi2022EP12TV,https://otakudesu.fit/series/goukon-ni-ittara-onna-ga-inakatta-hanashi/,"https://i3.wp.com/otakudesu.fit/wp-content/uploads/2024/09/145156l.jpg?resize=200,300",2023
CompletedNageki no Bourei wa Intai shitai2024EP14TV,https://otakudesu.fit/series/nageki-no-bourei-wa-intai-shitai/,"https://i2.wp.com/otakudesu.fit/wp-content/uploads/2024/09/1727625641-7756-lQRskaix2xnMRx5MrnqQ4iLVN3E.jpg?resize=200,300",2025
"CompletedTensei Kizoku, Kantei Skill de Nariagaru 2nd Season2024EP13TV",https://otakudesu.fit/series/tensei-kizoku-kantei-skill-de-nariagaru-2nd-season/,"https://i1.wp.com/otakudesu.fit/wp-content/uploads/2024/09/1727625209-9793-jsugIfxS7mg7G254ZOi6b4jDIgM.jpg?resize=200,300",2025
Uzumaki2024EP5TV,https://otakudesu.fit/series/uzumaki/,"https://i0.wp.com/otakudesu.fit/wp-content/uploads/2024/09/105265.jpg?resize=200,300",2025
Maou-sama Retry!2019EP13TV,https://otakudesu.fit/series/maou-sama-retry/,"https://i3.wp.com/otakudesu.fit/wp-content/uploads/2024/09/1727533575-4575-d5hXGaqit05qhYP4cqZs0BUrLG.jpg?resize=200,300",2025
CompletedHitoribocchi no Isekai Kouryaku2024EP13TV,https://otakudesu.fit/series/hitoribocchi-no-isekai-kouryaku/,"https://i0.wp.com/otakudesu.fit/wp-content/uploads/2024/09/1727365130-2074-nB2tJc884qzjFdc1KeYsspbvLs5.jpg?resize=200,300",2024
CompletedMurai no Koi2024EP12TV,https://otakudesu.fit/series/murai-no-koi/,"https://i1.wp.com/otakudesu.fit/wp-content/uploads/2024/09/144801.jpg?resize=200,300",2025
KENGAN ASHURA2019EP16TV,https://otakudesu.fit/series/kengan-ashura/,"https://i3.wp.com/otakudesu.fit/wp-content/uploads/2024/08/1723819589-1311-pgUnbZScsrfMJIJl43FKOL9sbhU.jpg?resize=200,300",2024
Delico’s Nursery2024EP14TV,https://otakudesu.fit/series/delicos-nursery/,"https://i1.wp.com/otakudesu.fit/wp-content/uploads/2024/08/1723656862-9717-forHpJl9oJoLFPEYIcaMUAj4tPA.jpg?resize=200,300",2025
CompletedRe:Zero kara Hajimeru Isekai Seikatsu 3rd Season2016EP16TV,https://otakudesu.fit/series/rezero-kara-hajimeru-isekai-seikatsu-3rd-season/,"https://i0.wp.com/otakudesu.fit/wp-content/uploads/2024/08/Re-Zero-kara-Hajimeru.jpg?resize=200,300",2015
Yeosin Gangnim-EP14TV,https://otakudesu.fit/series/yeosin-gangnim/,"https://i0.wp.com/otakudesu.fit/wp-content/uploads/2024/08/1723216877-3735-9gpc8kIhNEG7r0VTkyI9aVBxdO3.jpg?resize=200,300",2018
CompletedSengoku Youko: Senma Konton-hen2024EP23TV,https://otakudesu.fit/series/sengoku-youko-senma-konton-hen/,"https://i3.wp.com/otakudesu.fit/wp-content/uploads/2024/07/Sengoku-Youko.jpg?resize=200,300",2024
Naze Boku no Sekai wo Daremo Oboeteinai no ka?2024EP13TV,https://otakudesu.fit/series/naze-boku-no-sekai-wo-daremo-oboeteinai-no-ka/,"https://i0.wp.com/otakudesu.fit/wp-content/uploads/2024/07/1720892864-7967-50PCwSJYVGtjXAai9aBz68P3zM3.jpg?resize=200,300",2015
Make Heroine ga Oosugiru!2024EP13TV,https://otakudesu.fit/series/make-heroine-ga-oosugiru/,"https://i2.wp.com/otakudesu.fit/wp-content/uploads/2024/07/1720891531-5777-dPqZGwcd9BpMj80uAr4PjCgf0v4.jpg?resize=200,300",2024
"Bye Bye, Earth2024EP11TV",https://otakudesu.fit/series/bye-bye-earth/,"https://i1.wp.com/otakudesu.fit/wp-content/uploads/2024/07/1720795706-3814-iUL3UND2Uu6ycTcBRo4PxVYr5W2.jpg?resize=200,300",2024
0-saiji Start Dash Monogatari2024EP9TV,https://otakudesu.fit/series/0-saiji-start-dash-monogatari/,"https://i0.wp.com/otakudesu.fit/wp-content/uploads/2024/07/1720795099-6156-qtYsZKmZejpaaOHJDSI6SOOThLs.jpg?resize=200,300",2020
Koi wa Futago de Warikirenai2024EP13TV,https://otakudesu.fit/series/koi-wa-futago-de-warikirenai/,"https://i0.wp.com/otakudesu.fit/wp-content/uploads/2024/07/1720626643-8183-rWW09ALeJVe3qerVejgp0e1Gbxm.jpg?resize=200,300",2024
"CompletedKimi to Boku no Saigo no Senjou, Aruiwa Sekai ga Hajimaru Seisen Season II2020EP12TV",https://otakudesu.fit/series/kimi-to-boku-no-saigo-no-senjou-aruiwa-sekai-ga-hajimaru-seisen-season-ii/,"https://i2.wp.com/otakudesu.fit/wp-content/uploads/2024/07/Kimi-to-Boku-no-Saigo-no-Senjou.jpg?resize=200,300",2024
Isekai Shikkaku2024EP13TV,https://otakudesu.fit/series/isekai-shikkaku/,"https://i0.wp.com/otakudesu.fit/wp-content/uploads/2024/07/1720542725-4113-v3uwUtThi2ey5wBauXuHnPP8Eu2.jpg?resize=200,300",2025
Katsute Mahou Shoujo to Aku wa Tekitai shiteita.2024EP13TV,https://otakudesu.fit/series/katsute-mahou-shoujo-to-aku-wa-tekitai-shiteita/,"https://i0.wp.com/otakudesu.fit/wp-content/uploads/2024/07/1720542519-4200-j15Ch8BgLnEgrVDzgKeDnvPCjkh.jpg?resize=200,300",-
Egumi Legacy2024EP13TV,https://otakudesu.fit/series/egumi-legacy/,"https://i1.wp.com/otakudesu.fit/wp-content/uploads/2024/07/1720542272-5339-6r7vA4WMBYwqqKo1ny7Teh1bYNO.jpg?resize=200,300",2025
Aishang Ta de Liyou2023EP12TV,https://otakudesu.fit/series/aishang-ta-de-liyou/,"https://i0.wp.com/otakudesu.fit/wp-content/uploads/2024/07/1720519408-8902-kywhe104Bx8jojpR3hcYnSQZwdJ.jpg?resize=200,300",2025
Mayonaka Punch2024EP13TV,https://otakudesu.fit/series/mayonaka-punch/,"https://i1.wp.com/otakudesu.fit/wp-content/uploads/2024/07/1720441741-3973-li2WARaL5dBts7BAvp484AJ5n04.jpg?resize=200,300",2025
Isekai Yururi Kikou: Kosodateshinagara Boukensha Shimasu2024EP13TV,https://otakudesu.fit/series/isekai-yururi-kikou-kosodateshinagara-boukensha-shimasu/,"https://i2.wp.com/otakudesu.fit/wp-content/uploads/2024/07/1720371672-2759-32faS0d5neXtiMXFR0xiJPWOtn2.jpg?resize=200,300",2025
VTuber Nandaga Haishin Kiri Wasuretara Densetsu ni Natteta2024EP13TV,https://otakudesu.fit/series/vtuber-nandaga-haishin-kiri-wasuretara-densetsu-ni-natteta/,"https://i1.wp.com/otakudesu.fit/wp-content/uploads/2024/07/1720369137-7977-c6eB42kmJWGZgKecme6jhDeNMQr.jpg?resize=200,300",2024
Kami no Tou: Ouji no Kikan2020EP16TV,https://otakudesu.fit/series/kami-no-tou-ouji-no-kikan/,"https://i1.wp.com/otakudesu.fit/wp-content/uploads/2024/07/Kami-no-Tou.jpg?resize=200,300",2021
Na Nare Hana Nare2024EP13TV,https://otakudesu.fit/series/na-nare-hana-nare/,"https://i2.wp.com/otakudesu.fit/wp-content/uploads/2024/07/1720348978-8859-yZrGokJtYuoQQdW1JLEG78QNM4a.jpg?resize=200,300",2022
Fairy Tail: 100-nen Quest2024EP26TV,https://otakudesu.fit/series/fairy-tail-100-nen-quest/,"https://i0.wp.com/otakudesu.fit/wp-content/uploads/2024/07/1720346941-9589-wj5i6YgZj7LltRE3yE6VTgfdbK0.jpg?resize=200,300",2024
Tsue to Tsurugi no Wistoria2024EP13TV,https://otakudesu.fit/series/tsue-to-tsurugi-no-wistoria/,"https://i1.wp.com/otakudesu.fit/wp-content/uploads/2024/07/1720346863-9990-5zfCyzblaQ1Cq654rNjEHYTmgMZ.jpg?resize=200,300",2024
Monogatari Series: Off & Monster Season2024EP15TV,https://otakudesu.fit/series/monogatari-series-off-monster-season/,"https://i3.wp.com/otakudesu.fit/wp-content/uploads/2024/07/1720335086-5732-4I7bBFPnr0tRGNJvhIC5PxGCVDu.jpg?resize=200,300",2024
Nige Jouzu no Wakagimi2024EP13TV,https://otakudesu.fit/series/nige-jouzu-no-wakagimi/,"https://i3.wp.com/otakudesu.fit/wp-content/uploads/2024/07/1720291556-6790-8T3QsGzRvvAPUUw9Z1UjLNCQZlH.jpg?resize=200,300",2024
Shoushimin Series2024EP11TV,https://otakudesu.fit/series/shoushimin-series/,"https://i0.wp.com/otakudesu.fit/wp-content/uploads/2024/07/1720280888-7690-9ri01JvmNHUlqZo77K3CZn5rUhw.jpg?resize=200,300",2025
Tensui no Sakuna-hime2024EP14TV,https://otakudesu.fit/series/tensui-no-sakuna-hime/,"https://i3.wp.com/otakudesu.fit/wp-content/uploads/2024/07/1720280187-6451-AoCYTTYJWza3Lbi0xBzXg98gY5S.jpg?resize=200,300",2023
Elf-san wa Yaserarenai.2024EP12TV,https://otakudesu.fit/series/elf-san-wa-yaserarenai/,"https://i3.wp.com/otakudesu.fit/wp-content/uploads/2024/07/1720279151-4772-jFTa8I2TBaJUVkXWCX04AGpA7zE.jpg?resize=200,300",2009
Mob kara Hajimaru Tansaku Eiyuutan2024EP13TV,https://otakudesu.fit/series/mob-kara-hajimaru-tansaku-eiyuutan/,"https://i3.wp.com/otakudesu.fit/wp-content/uploads/2024/07/1720278507-5941-hY8rN6dkGHp8LC1fE24cqeFoSfJ.jpg?resize=200,300",2024
Madougushi Dahliya wa Utsumukanai2024EP12TV,https://otakudesu.fit/series/madougushi-dahliya-wa-utsumukanai/,"https://i3.wp.com/otakudesu.fit/wp-content/uploads/2024/07/1720261692-4403-m7Kh9um0MCzIz81ZVTB1dxFtaGT.jpg?resize=200,300",2025
Dungeon no Naka no Hito2024EP14TV,https://otakudesu.fit/series/dungeon-no-naka-no-hito/,"https://i1.wp.com/otakudesu.fit/wp-content/uploads/2024/07/1720258589-9030-kskqKldSfWhV80wBb9iJqCAlk87.jpg?resize=200,300",2022
Kono Sekai wa Fukanzen Sugiru2024EP14TV,https://otakudesu.fit/series/kono-sekai-wa-fukanzen-sugiru/,"https://i1.wp.com/otakudesu.fit/wp-content/uploads/2024/07/1720205122-4351-toNVPhr8BpCbJ4LUGdiOGJpcy80.jpg?resize=200,300",1999
NieR:Automata Ver1.1a Part 22023EP13TV,https://otakudesu.fit/series/nierautomata-ver1-1a-part-2/,"https://i1.wp.com/otakudesu.fit/wp-content/uploads/2024/07/NieRNieR.jpg?resize=200,300",2025
2.5-jigen no Ririsa2024EP25TV,https://otakudesu.fit/series/2-5-jigen-no-ririsa/,"https://i1.wp.com/otakudesu.fit/wp-content/uploads/2024/07/1720191157-2089-clrEz6ad3cFEae5q08iWsbnhhCW.jpg?resize=200,300",2024
Shikanoko Nokonoko Koshitantan2024EP13TV,https://otakudesu.fit/series/shikanoko-nokonoko-koshitantan/,"https://i1.wp.com/otakudesu.fit/wp-content/uploads/2024/07/1720162294-5411-nnPU6TSpaOXrJUANUsFu9m9p6do.jpg?resize=200,300",2025
Megami no Café Terrace 2nd Season2023EP13TV,https://otakudesu.fit/series/megami-no-cafe-terrace-2nd-season/,"https://i0.wp.com/otakudesu.fit/wp-content/uploads/2024/07/Megami-no-Cafe-Terrace.jpg?resize=200,300",2024
Senpai wa Otokonoko2024EP13TV,https://otakudesu.fit/series/senpai-wa-otokonoko/,"https://i2.wp.com/otakudesu.fit/wp-content/uploads/2024/07/Senpai-wa-Otokonoko.jpg?resize=200,300",2024
Ramen Akaneko2024EP13TV,https://otakudesu.fit/series/ramen-akaneko/,"https://i2.wp.com/otakudesu.fit/wp-content/uploads/2024/07/1720118864-3969-2aECBbyzjLgZm9shbvBQPxcMt09.jpg?resize=200,300",2024
Hazurewaku no “Joutai Ijou Skill” de Saikyou ni Natta Ore ga Subete wo Juurin suru made2024EP13TV,https://otakudesu.fit/series/hazurewaku-no-joutai-ijou-skill-de-saikyou-ni-natta-ore-ga-subete-wo-juurin-suru-made/,"https://i1.wp.com/otakudesu.fit/wp-content/uploads/2024/07/1720118782-2530-9kGH4vpzZMSONC8db29Tj7HySr1.jpg?resize=200,300",2025
Giji Harem2024EP13TV,https://otakudesu.fit/series/giji-harem/,"https://i2.wp.com/otakudesu.fit/wp-content/uploads/2024/07/1720108290-4217-4n8PhldOBDNJWoHN55tfQ3Ird5J.jpg?resize=200,300",2024
Ore wa Subete wo “Parry” suru: Gyaku Kanchigai no Sekai Saikyou wa Boukensha ni Naritai2024EP13TV,https://otakudesu.fit/series/ore-wa-subete-wo-parry-suru-gyaku-kanchigai-no-sekai-saikyou-wa-boukensha-ni-naritai/,"https://i1.wp.com/otakudesu.fit/wp-content/uploads/2024/07/1720105509-7470-nVmc8K5J7SGMlE6tA5lVzVzAzQ9.jpg?resize=200,300",2023
Tasogare Out Focus2024EP12TV,https://otakudesu.fit/series/tasogare-out-focus/,"https://i2.wp.com/otakudesu.fit/wp-content/uploads/2024/07/1720105092-2241-5qgdbIbgG6cA7xDpFyTRoFhMZFH.jpg?resize=200,300",2024
Gimai Seikatsu2024EP13TV,https://otakudesu.fit/series/gimai-seikatsu/,"https://i1.wp.com/otakudesu.fit/wp-content/uploads/2024/07/1720104588-1972-dYwn9SMQNPW0pl3ltpqi21IyZfA.jpg?resize=200,300",2025
“Oshi no Ko” 2nd Season2023EP14TV,https://otakudesu.fit/series/oshi-no-ko-2nd-season/,"https://i1.wp.com/otakudesu.fit/wp-content/uploads/2024/07/Oshi-no-Ko.jpg?resize=200,300",2022
Tokidoki Bosotto Russia-go de Dereru Tonari no Alya-san2024EP13TV,https://otakudesu.fit/series/tokidoki-bosotto-russia-go-de-dereru-tonari-no-alya-san/,"https://i2.wp.com/otakudesu.fit/wp-content/uploads/2024/07/1720018061-4647-cCru8i4mv6H3IXBa4oEU1pEljrV.jpg?resize=200,300",2025
CompletedTasuuketsu2024EP25TV,https://otakudesu.fit/series/tasuuketsu/,"https://i3.wp.com/otakudesu.fit/wp-content/uploads/2024/07/1720000841-7733-9y8kJR8PexjfLrdoF1mhn7Tf00s.jpg?resize=200,300",2025
Atri: My Dear Moments2024EP13TV,https://otakudesu.fit/series/atri-my-dear-moments/,"https://i3.wp.com/otakudesu.fit/wp-content/uploads/2024/07/1719933213-6461-WDpz9wEd82A4evncnxmgvKOgAi.jpg?resize=200,300",2024
Shy 2nd Season2023EP13TV,https://otakudesu.fit/series/shy-2nd-season/,"https://i3.wp.com/otakudesu.fit/wp-content/uploads/2024/07/Shy.jpg?resize=200,300",2025
"Shinmai Ossan Boukensha, Saikyou Party ni Shinu hodo Kitaerarete Muteki ni Naru.2024EP13TV",https://otakudesu.fit/series/shinmai-ossan-boukensha-saikyou-party-ni-shinu-hodo-kitaerarete-muteki-ni-naru/,"https://i0.wp.com/otakudesu.fit/wp-content/uploads/2024/07/1719864016-2985-9GXof80hNE4RRhdZIFjTCa5kW6C.jpg?resize=200,300",2024
Boku no Tsuma wa Kanjou ga Nai2024EP13TV,https://otakudesu.fit/series/boku-no-tsuma-wa-kanjou-ga-nai/,"https://i3.wp.com/otakudesu.fit/wp-content/uploads/2024/06/1719675742-1986-muNFUKudbjB8iTZhLfhifU4EogY.jpg?resize=200,300",2025
Isekai Suicide Squad2024EP11TV,https://otakudesu.fit/series/isekai-suicide-squad/,"https://i2.wp.com/otakudesu.fit/wp-content/uploads/2024/06/1719501183-8581-AbVwsBJnLoqJzPJn8dlGFSGfygy.jpg?resize=200,300",2025
Maougun Saikyou no Majutsushi wa Ningen datta2024EP13TV,https://otakudesu.fit/series/maougun-saikyou-no-majutsushi-wa-ningen-datta/,"https://i1.wp.com/otakudesu.fit/wp-content/uploads/2024/06/1719415339-4906-jLv8SkunhsQaFU7yR7WRHHwCm6x.jpg?resize=200,300",2018
Code Geass: Dakkan No Rozé2024EP12TV,https://otakudesu.fit/series/code-geass-dakkan-no-roze/,"https://i1.wp.com/otakudesu.fit/wp-content/uploads/2024/06/1718986750-7167-yRgag7OVUzKb6LHjLsYPIvtkufG.jpg?resize=200,300",2023
CompletedKimetsu no Yaiba: Hashira Geiko-hen-EP8TV,https://otakudesu.fit/series/kimetsu-no-yaiba-hashira-geiko-hen/,"https://i3.wp.com/otakudesu.fit/wp-content/uploads/2024/05/Kimetsu-no-Yaiba.jpg?resize=200,300",2011
CompletedShinigami Bocchan to Kuro Maid 3rd Season-S3 EP12TV,https://otakudesu.fit/series/shinigami-bocchan-to-kuro-maid-3rd-season/,"https://i2.wp.com/otakudesu.fit/wp-content/uploads/2024/04/Shinigami-Bocchan-to-Kuro.jpg?resize=200,300",2024
CompletedKaijuu 8-gou2024EP12TV,https://otakudesu.fit/series/kaijuu-8-gou/,"https://i0.wp.com/otakudesu.fit/wp-content/uploads/2024/04/1713635826-3529-c1T8UHwCaq6JeQYgt4U8ERPGoxN.jpg?resize=200,300",2025
CompletedThe New Gate2024EP12TV,https://otakudesu.fit/series/the-new-gate/,"https://i3.wp.com/otakudesu.fit/wp-content/uploads/2024/04/1713635773-9790-c1JCYZ6anQCKHxSgBPCtUdNnWoB.jpg?resize=200,300",2025
Sasayaku You ni Koi wo Utau2024EP13TV,https://otakudesu.fit/series/sasayaku-you-ni-koi-wo-utau/,"https://i0.wp.com/otakudesu.fit/wp-content/uploads/2024/04/1712954808-3199-xWStcaXFVsu7iyJovp6spxZplWG.jpg?resize=200,300",2016
Maou Gakuin no Futekigousha II Part 22020EP12TV,https://otakudesu.fit/series/maou-gakuin-no-futekigousha-ii-part-2/,"https://i2.wp.com/otakudesu.fit/wp-content/uploads/2024/04/Maou-Gakuin-no-Futekigousha.jpg?resize=200,300",2021
CompletedKenka Dokugaku2024EP12TV,https://otakudesu.fit/series/kenka-dokugaku/,"https://i2.wp.com/otakudesu.fit/wp-content/uploads/2024/04/1712945776-1445-1kZBsmNYgjRxFPBfrFxkQGwS7xX.jpg?resize=200,300",2024
CompletedKaii to Otome to Kamikakushi2024EP12TV,https://otakudesu.fit/series/kaii-to-otome-to-kamikakushi/,"https://i2.wp.com/otakudesu.fit/wp-content/uploads/2024/04/1712945749-1753-2S5ZCNmmio6wfXhmO9cZLEtzLL3.jpg?resize=200,300",2025
CompletedSeiyuu Radio no Uraomote2024EP12TV,https://otakudesu.fit/series/seiyuu-radio-no-uraomote/,"https://i0.wp.com/otakudesu.fit/wp-content/uploads/2024/04/1712945726-4651-733lDek9YYMfxplg0ELoi3mkRuH.jpg?resize=200,300",2025
Shinkalion: Change the World2024EP39TV,https://otakudesu.fit/series/shinkalion-change-the-world/,"https://i2.wp.com/otakudesu.fit/wp-content/uploads/2024/04/1712945650-1719-wPvCJKhUVtLISnoDa5blo73xv5e.jpg?resize=200,300",2022
Rinkai!2024EP12TV,https://otakudesu.fit/series/rinkai/,"https://i0.wp.com/otakudesu.fit/wp-content/uploads/2024/04/1712945589-8503-ncyJvQlcDX2RkMRHSRBYQX0weLs.jpg?resize=200,300",2025
"Tadaima, Okaeri2024EP8TV",https://otakudesu.fit/series/tadaima-okaeri/,"https://i0.wp.com/otakudesu.fit/wp-content/uploads/2024/04/1712945561-2755-zATR8STZ5p7d9cmpMh5ukf21c9p.jpg?resize=200,300",2023
CompletedMushoku Tensei II: Isekai Ittara Honki Dasu Part 22021EP13TV,https://otakudesu.fit/series/mushoku-tensei-ii-isekai-ittara-honki-dasu-part-2/,"https://i3.wp.com/otakudesu.fit/wp-content/uploads/2024/04/Mushoku-Tensei-II.jpg?resize=200,300",2023
CompletedBlue Archive the Animation2024EP12TV,https://otakudesu.fit/series/blue-archive-the-animation/,"https://i1.wp.com/otakudesu.fit/wp-content/uploads/2024/04/1712945352-4312-yMfRJxj71eKRSAUBTX2OW5blkEN.jpg?resize=200,300",2024
Vampire Dormitory2024EP3TV,https://otakudesu.fit/series/vampire-dormitory/,"https://i2.wp.com/otakudesu.fit/wp-content/uploads/2024/04/1712945327-4550-jmfNa7BQfI7DN1kFSx6jkBwYDGG.jpg?resize=200,300",2025
"CompletedTensei Kizoku, Kantei Skill de Nariagaru2024EP12TV",https://otakudesu.fit/series/tensei-kizoku-kantei-skill-de-nariagaru/,"https://i1.wp.com/otakudesu.fit/wp-content/uploads/2024/04/1712945287-1748-jsugIfxS7mg7G254ZOi6b4jDIgM.jpg?resize=200,300",2025
CompletedJiisan Baasan Wakagaeru2024EP11TV,https://otakudesu.fit/series/jiisan-baasan-wakagaeru/,"https://i2.wp.com/otakudesu.fit/wp-content/uploads/2024/04/1712945205-4832-7FItegJZQfOIbXuREoza3mz1tYU.jpg?resize=200,300",2025
Shinigami Bocchan to Kuro Maid Season 32021EP2TV,https://otakudesu.fit/series/shinigami-bocchan-to-kuro-maid-season-3/,"https://i0.wp.com/otakudesu.fit/wp-content/uploads/2024/04/Shinigami-Bocchan-to-Kuro-Maid-3rd-Season.jpg?resize=200,300",2025
Yozakura-san Chi no Daisakusen2024EP28TV,https://otakudesu.fit/series/yozakura-san-chi-no-daisakusen/,"https://i2.wp.com/otakudesu.fit/wp-content/uploads/2024/04/1712945078-2979-dTtXbR0DenriganfBidZxFLk4Xx.jpg?resize=200,300",2025
CompletedHibike! Euphonium 32015EP15TV,https://otakudesu.fit/series/hibike-euphonium-3/,"https://i3.wp.com/otakudesu.fit/wp-content/uploads/2024/04/Hibike.jpg?resize=200,300",2023
CompletedSentai Daishikkaku2024EP12TV,https://otakudesu.fit/series/sentai-daishikkaku/,"https://i1.wp.com/otakudesu.fit/wp-content/uploads/2024/04/1712944875-5534-khOivs3EbUuyBPfAnNJLFVkADhl.jpg?resize=200,300",2025
The IDOLM@STER Shiny Colors2024EP12TV,https://otakudesu.fit/series/the-idolmster-shiny-colors/,"https://i3.wp.com/otakudesu.fit/wp-content/uploads/2024/04/1712944850-7489-taAfXIbGjpaByOAOQt1TSYEGIo1.jpg?resize=200,300",2025
Boku No Hero Academia Season 72016EP22TV,https://otakudesu.fit/series/boku-no-hero-academia-season-7/,"https://i2.wp.com/otakudesu.fit/wp-content/uploads/2024/04/Boku-no-Hero-Academia-7th-Season.jpg?resize=200,300",2025
CompletedOoi! Tonbo2024EP13TV,https://otakudesu.fit/series/ooi-tonbo/,"https://i1.wp.com/otakudesu.fit/wp-content/uploads/2024/04/1712944645-2365-rAI0hOocFwELMJVmBJn1l3ubRD9.jpg?resize=200,300",2024
Tonari no Youkai-san2024EP8TV,https://otakudesu.fit/series/tonari-no-youkai-san/,"https://i0.wp.com/otakudesu.fit/wp-content/uploads/2024/04/1712944613-8081-23DRKb4JlytHeOn8newtFUKjqrU.jpg?resize=200,300",2025
CompletedYoru no Kurage wa Oyogenai2024EP12TV,https://otakudesu.fit/series/yoru-no-kurage-wa-oyogenai/,"https://i2.wp.com/otakudesu.fit/wp-content/uploads/2024/04/1712944571-3790-hos25Y5VGGvmHGFSCz0rNPoPhMj.jpg?resize=200,300",2023
The Fable2024EP26TV,https://otakudesu.fit/series/the-fable/,"https://i3.wp.com/otakudesu.fit/wp-content/uploads/2024/04/1712944540-7499-pbQoiN9qyoovZNOFnkJzT9aSTH.jpg?resize=200,300",2023
Karasu wa Aruji wo Erabanai2024EP20TV,https://otakudesu.fit/series/karasu-wa-aruji-wo-erabanai/,"https://i1.wp.com/otakudesu.fit/wp-content/uploads/2024/04/1712944497-5336-xBhH3xtTOiPlHOAFoAmo3kkjF9Y.jpg?resize=200,300",2023
CompletedHighspeed Etoile2024EP12TV,https://otakudesu.fit/series/highspeed-etoile/,"https://i1.wp.com/otakudesu.fit/wp-content/uploads/2024/04/1712944471-6420-wQcQZnCMWpzFXZBqhOa8n6JJLBd.jpg?resize=200,300",2024
CompletedGirls Band Cry2024EP13TV,https://otakudesu.fit/series/girls-band-cry/,"https://i0.wp.com/otakudesu.fit/wp-content/uploads/2024/04/1712944412-5631-h9VEUDeD24kbky2OrWxyNVaGHPk.jpg?resize=200,300",2021
Mahouka Koukou no Rettousei 3rd Season2014EP13TV,https://otakudesu.fit/series/mahouka-koukou-no-rettousei-3rd-season/,https://otakudesu.fit/wp-content/themes/otakudesu/assets/img/noimage.png,2024
Tensei shitara Slime Datta Ken 3rd Season2018EP25TV,https://otakudesu.fit/series/tensei-shitara-slime-datta-ken-3rd-season/,"https://i2.wp.com/otakudesu.fit/wp-content/uploads/2024/04/Tensei-shitara-Slime-Datta-Ken-3rd-Season.jpg?resize=200,300",2025
Nijiyon Animation 22023TV,https://otakudesu.fit/series/nijiyon-animation-2/,"https://i2.wp.com/otakudesu.fit/wp-content/uploads/2024/04/Nijiyon-Animation-2.jpg?resize=200,300",2025
Lv2 kara Cheat datta Motoyuusha Kouho no Mattari Isekai Life2024EP12TV,https://otakudesu.fit/series/lv2-kara-cheat-datta-motoyuusha-kouho-no-mattari-isekai-life/,"https://i2.wp.com/otakudesu.fit/wp-content/uploads/2024/04/1712944068-9716-3eBu6hYDRe72ZPUfLbhaHfF7EM9.jpg?resize=200,300",2024
CompletedUnnamed Memory2024EP12TV,https://otakudesu.fit/series/unnamed-memory/,"https://i2.wp.com/otakudesu.fit/wp-content/uploads/2024/04/1712944003-2880-JKwYF6LbhsQOwgvfua2ZsQWoGv.jpg?resize=200,300",2023
CompletedHenjin no Salad Bowl2024EP12TV,https://otakudesu.fit/series/henjin-no-salad-bowl/,"https://i1.wp.com/otakudesu.fit/wp-content/uploads/2024/04/1712943976-8073-6dumHhfa0BMzjwEZpj9o4uVcGpP.jpg?resize=200,300",2023
Wind Breaker2024EP13TV,https://otakudesu.fit/series/wind-breaker/,"https://i2.wp.com/otakudesu.fit/wp-content/uploads/2024/04/1712943911-3707-3kTFL3PAeTyS8gGZAh0iYG6NNjt.jpg?resize=200,300",2025
"Maou no Ore ga Dorei Elf wo Yome ni Shitanda ga, Dou Medereba Ii?2024EP12TV",https://otakudesu.fit/series/maou-no-ore-ga-dorei-elf-wo-yome-ni-shitanda-ga-dou-medereba-ii/,"https://i3.wp.com/otakudesu.fit/wp-content/uploads/2024/04/1712943889-1882-yrtmTLOnHWJxlqDHNyxm0eUHr1U.jpg?resize=200,300",2012
CompletedAstro Note2024EP12TV,https://otakudesu.fit/series/astro-note/,"https://i0.wp.com/otakudesu.fit/wp-content/uploads/2024/04/1712943817-2768-7S713gLbVcNrqpys8kInhmbm8jW.jpg?resize=200,300",2024
CompletedBartender: Kami no Glass2024EP12TV,https://otakudesu.fit/series/bartender-kami-no-glass/,"https://i1.wp.com/otakudesu.fit/wp-content/uploads/2024/04/1712943791-7565-cObB9SbQEAURJ3Ghbt2E6Hlbbv1.jpg?resize=200,300",2024
CompletedHananoi-kun to Koi no Yamai2024EP12TV,https://otakudesu.fit/series/hananoi-kun-to-koi-no-yamai/,"https://i0.wp.com/otakudesu.fit/wp-content/uploads/2024/04/1712943752-4570-e1ao8YAdgbN0wCUSatCESTPwaAh.jpg?resize=200,300",2025
CompletedTouken Ranbu Kai: Kyoden Moyuru Honnouji2024EP9TV,https://otakudesu.fit/series/touken-ranbu-kai-kyoden-moyuru-honnouji/,"https://i0.wp.com/otakudesu.fit/wp-content/uploads/2024/04/1712943689-6335-r34i0W9jYsefZUfeusw77ytGe9O.jpg?resize=200,300",2024
CompletedRe:Monster2024EP12TV,https://otakudesu.fit/series/remonster/,"https://i1.wp.com/otakudesu.fit/wp-content/uploads/2024/04/1712943663-1571-jPKYAXFJm78QTQYdyPuwHerzROE.jpg?resize=200,300",2004
CompletedDekisokonai to Yobareta Motoeiyuu wa Jikka kara Tsuihou sareta node Sukikatte ni Ikiru Koto ni Shita2024EP12TV,https://otakudesu.fit/series/dekisokonai-to-yobareta-motoeiyuu-wa-jikka-kara-tsuihou-sareta-node-sukikatte-ni-ikiru-koto-ni-shita/,"https://i0.wp.com/otakudesu.fit/wp-content/uploads/2024/04/1712943616-6402-gUDkHsNzkjTBQ55fS9pUO1ng7vk.jpg?resize=200,300",2015
Ookami to Koushinryou: Merchant Meets the Wise Wolf2024EP26TV,https://otakudesu.fit/series/ookami-to-koushinryou-merchant-meets-the-wise-wolf/,"https://i0.wp.com/otakudesu.fit/wp-content/uploads/2024/04/1712943554-5533-kMDJ2hdBTLZn33O53xCtE14fFD1.jpg?resize=200,300",2024
"CompletedTensei Shitara Dai Nana Ouji Dattanode, Kimamani Majutsu wo Kiwamemasu2024EP12TV",https://otakudesu.fit/series/tensei-shitara-dai-nana-ouji-dattanode-kimamani-majutsu-wo-kiwamemasu/,"https://i0.wp.com/otakudesu.fit/wp-content/uploads/2024/04/1712943522-5824-kMDJ2hdBTLZn33O53xCtE14fFD1.jpg?resize=200,300",2025
Kami wa Game ni Ueteiru.2024EP13TV,https://otakudesu.fit/series/kami-wa-game-ni-ueteiru/,"https://i0.wp.com/otakudesu.fit/wp-content/uploads/2024/04/1712943491-9182-gkpFc791zeyQEO7Ds7mlnaC1cmj.jpg?resize=200,300",2025
CompletedShuumatsu Train Doko e Iku?2024EP12TV,https://otakudesu.fit/series/shuumatsu-train-doko-e-iku/,"https://i2.wp.com/otakudesu.fit/wp-content/uploads/2024/04/1712943451-9252-9eyKUHjD3roRqyypM8FbsUV5iKT.jpg?resize=200,300",2025
CompletedKono Subarashii Sekai Ni Shukufuku Wo! Season 32016EP11TV,https://otakudesu.fit/series/kono-subarashii-sekai-ni-shukufuku-wo-season-3/,"https://i1.wp.com/otakudesu.fit/wp-content/uploads/2024/04/Kono-Subarashii.jpg?resize=200,300",2025
"CompletedOne Room, Hiatari Futsuu, Tenshi-tsuki.2024EP12TV",https://otakudesu.fit/series/one-room-hiatari-futsuu-tenshi-tsuki/,"https://i2.wp.com/otakudesu.fit/wp-content/uploads/2024/04/1712943236-5564-zFxZLWVketbVHJPaINY2v3wTsCN.jpg?resize=200,300",2024
CompletedNinja Kamui2024EP13TV,https://otakudesu.fit/series/ninja-kamui/,"https://i3.wp.com/otakudesu.fit/wp-content/uploads/2024/02/1707659812-2039-A7mYSloFonDcQtHTqyLqEg9rIkh.jpg?resize=200,300",2024
Himesama “Goumon” no Jikan desu2024EP11TV,https://otakudesu.fit/series/himesama-goumon-no-jikan-desu/,"https://i2.wp.com/otakudesu.fit/wp-content/uploads/2024/01/1704815949-7488-7vPpzw4goRUojCVFIsU3drIhu3B.jpg?resize=200,300",2024
Hikari no Ou 2nd Season-EP6TV,https://otakudesu.fit/series/hikari-no-ou-2nd-season/,https://otakudesu.fit/wp-content/uploads/2024/01/Hikari-no-Ou-2nd-Season.webp,2025
Yuuki Bakuhatsu Bang Bravern2024EP10TV,https://otakudesu.fit/series/yuuki-bakuhatsu-bang-bravern/,"https://i0.wp.com/otakudesu.fit/wp-content/uploads/2024/01/1705336123-7690-tlVA52PhtLndDkr0kSraFlThpLQ.jpg?resize=200,300",2025
Bucchigiri?!2024EP12TV,https://otakudesu.fit/series/bucchigiri/,"https://i2.wp.com/otakudesu.fit/wp-content/uploads/2024/01/1705188042-4669-mTphiAP2vMMNcVSB5a1pWEMZuo3.jpg?resize=200,300",2023
Snack Basue2024EP11TV,https://otakudesu.fit/series/snack-basue/,"https://i1.wp.com/otakudesu.fit/wp-content/uploads/2024/01/1705101082-5113-ofcGZLM6vH8ISBB6T8OPkjlDmjy.jpg?resize=200,300",2020
Saijaku Tamer Wa Gomi Hiroi No Tabi Wo Hajimemashita2024EP11TV,https://otakudesu.fit/series/saijaku-tamer-wa-gomi-hiroi-no-tabi-wo-hajimemashita/,"https://i2.wp.com/otakudesu.fit/wp-content/uploads/2024/01/1705100991-6681-za2EAhBtO08JJw9Q25zKyrY5Jkd.jpg?resize=200,300",2024
Urusei Yatsura (2022) Season 22022EP11TV,https://otakudesu.fit/series/urusei-yatsura-2022-season-2/,"https://i2.wp.com/otakudesu.fit/wp-content/uploads/2024/01/1705075642-9697-gIvkC2kshTTF310fXMG1esFmVBA.jpg?resize=200,300",2025
Majo To Yajuu2024EP10TV,https://otakudesu.fit/series/majo-to-yajuu/,"https://i0.wp.com/otakudesu.fit/wp-content/uploads/2024/01/1705075593-2651-ooSzpaJkU8MnfuLKn0IThcACv57.jpg?resize=200,300",2023
30-sai made Doutei dato Mahoutsukai ni Nareru Rashii2024EP11TV,https://otakudesu.fit/series/30-sai-made-doutei-dato-mahoutsukai-ni-nareru-rashii/,"https://i0.wp.com/otakudesu.fit/wp-content/uploads/2024/01/1704907042-8764-1rv6Lw43ARlUaHXyCQASkcM43Uk.jpg?resize=200,300",2024
Metallic Rouge2024EP11TV,https://otakudesu.fit/series/metallic-rouge/,"https://i2.wp.com/otakudesu.fit/wp-content/uploads/2024/01/1704906964-8753-dcUWxOeCiEM7n7KdIYk1O8Xzgzp.jpg?resize=200,300",2024
Sengoku Youko2024EP11TV,https://otakudesu.fit/series/sengoku-youko/,"https://i0.wp.com/otakudesu.fit/wp-content/uploads/2024/01/1704905964-7611-zji5ES3Mle76zNcwwapon0H25bN.jpg?resize=200,300",2025
Gekai Elise2024EP11TV,https://otakudesu.fit/series/gekai-elise/,"https://i3.wp.com/otakudesu.fit/wp-content/uploads/2024/01/1704897853-1103-7WfU7lHVTS5kEPTZrglfChlkOBs.jpg?resize=200,300",2025
Akuyaku Reijou Level 99: Watashi wa Ura-Boss desu ga Maou dewa Arimasen2024EP11TV,https://otakudesu.fit/series/akuyaku-reijou-level-99-watashi-wa-ura-boss-desu-ga-maou-dewa-arimasen/,"https://i3.wp.com/otakudesu.fit/wp-content/uploads/2024/01/1704828465-9686-t9IZtBFBGT9ldmvBlhXJZMjPejH.jpg?resize=200,300",2024
Shaman King: Flowers2024EP11TV,https://otakudesu.fit/series/shaman-king-flowers/,"https://i2.wp.com/otakudesu.fit/wp-content/uploads/2024/01/1704816158-2589-wxVkoCshNRJyB9vfKVHTXOIQQeF.jpg?resize=200,300",2018
Dosanko Gal wa Namara Menkoi2024EP11TV,https://otakudesu.fit/series/dosanko-gal-wa-namara-menkoi/,"https://i0.wp.com/otakudesu.fit/wp-content/uploads/2024/01/1704815988-7746-nCJKNJ3rtgLDAhAN5S881z8PHKU.jpg?resize=200,300",2019
Synduality: Noir Part 22023EP11TV,https://otakudesu.fit/series/synduality-noir-part-2/,"https://i2.wp.com/otakudesu.fit/wp-content/uploads/2024/01/1704741296-7145-wgSdVAjpEezcLqV3Xs2NpWqy1Lr.jpg?resize=200,300",2023
Oroka na Tenshi wa Akuma to Odoru2024EP11TV,https://otakudesu.fit/series/oroka-na-tenshi-wa-akuma-to-odoru/,"https://i0.wp.com/otakudesu.fit/wp-content/uploads/2024/01/1704733200-4572-4X2yAU6CtHwjiVlO07WxssRwKPu.jpg?resize=200,300",2024
High Card Season 22023EP11TV,https://otakudesu.fit/series/high-card-season-2/,"https://i3.wp.com/otakudesu.fit/wp-content/uploads/2024/01/High-Card-Season-2.jpg?resize=200,300",-
Kyuujitsu no Warumono-san2024EP11TV,https://otakudesu.fit/series/kyuujitsu-no-warumono-san/,"https://i2.wp.com/otakudesu.fit/wp-content/uploads/2024/01/1704582609-9046-thKhPuHjsd6DEC4eiDnlIU0Tt22.jpg?resize=200,300",2024
Tsuki ga Michibiku Isekai Douchuu 2nd Season2021EP25TV,https://otakudesu.fit/series/tsuki-ga-michibiku-isekai-douchuu-2nd-season/,"https://i1.wp.com/otakudesu.fit/wp-content/uploads/2024/01/Tsuki-ga-Michibiku-Isekai-Douchuu-2nd-Season1.jpg?resize=200,300",2024
"Loop 7-kaime no Akuyaku Reijou wa, Moto Tekikoku de Jiyuu Kimama na Hanayome Seikatsu wo Mankitsu suru2024EP11TV",https://otakudesu.fit/series/loop-7-kaime-no-akuyaku-reijou-wa-moto-tekikoku-de-jiyuu-kimama-na-hanayome-seikatsu-wo-mankitsu-suru/,"https://i0.wp.com/otakudesu.fit/wp-content/uploads/2024/01/1704582440-5290-zgsFmerKpTE6ACqDL5zGacOKtbO.jpg?resize=200,300",2023
"Shin no Nakama ja Nai to Yuusha no Party wo Oidasareta node, Henkyou de Slow Life suru Koto ni Shimashita 2nd2021EP11TV",https://otakudesu.fit/series/shin-no-nakama-ja-nai-to-yuusha-no-party-wo-oidasareta-node-henkyou-de-slow-life-suru-koto-ni-shimashita-2nd/,https://otakudesu.fit/wp-content/uploads/2024/01/Shin-no-Nakama-ja-Nai-to-Yuusha-no-Party-wo-Oidasareta-node.webp,2020
"Saikyou Tank no Meikyuu Kouryaku: Tairyoku 9999 no Rare Skill-mochi Tank, Yuusha Party wo Tsuihou sareru2024EP12TV",https://otakudesu.fit/series/saikyou-tank-no-meikyuu-kouryaku-tairyoku-9999-no-rare-skill-mochi-tank-yuusha-party-wo-tsuihou-sareru/,"https://i3.wp.com/otakudesu.fit/wp-content/uploads/2024/01/1704566177-8457-cz5GWcafuaYpES7Pc47WIA52XbE.jpg?resize=200,300",2025
Ao no Exorcist: Shimane Illuminati-hen2011EP12TV,https://otakudesu.fit/series/ao-no-exorcist-shimane-illuminati-hen/,"https://i1.wp.com/otakudesu.fit/wp-content/uploads/2024/01/Ao-no-Exorcist.jpg?resize=200,300",2021
Ore dake Level Up na Ken2024EP12TV,https://otakudesu.fit/series/ore-dake-level-up-na-ken/,"https://i0.wp.com/otakudesu.fit/wp-content/uploads/2024/01/1704495355-9353-geCRueV3ElhRTr0xtJuEWJt6dJ1.jpg?resize=200,300",2025
Kingdom 5th Season2012EP13TV,https://otakudesu.fit/series/kingdom-5th-season/,"https://i1.wp.com/otakudesu.fit/wp-content/uploads/2024/01/Kingdom-5th-Season.jpg?resize=200,300",2022
Mashle 2nd Season2023EP12TV,https://otakudesu.fit/series/mashle-2nd-season/,"https://i2.wp.com/otakudesu.fit/wp-content/uploads/2024/01/1704494976-2267-bVraeCOdjbIJB6ClbqW5ndK7mAM.jpg?resize=200,300",2021
Yubisaki to Renren2024EP12TV,https://otakudesu.fit/series/yubisaki-to-renren/,"https://i1.wp.com/otakudesu.fit/wp-content/uploads/2024/01/1704494843-4354-9yST7MeDptRait3kWTEnbxIi0pF.jpg?resize=200,300",2025
Kekkon Yubiwa Monogatari2024EP12TV,https://otakudesu.fit/series/kekkon-yubiwa-monogatari/,"https://i2.wp.com/otakudesu.fit/wp-content/uploads/2024/01/1704494814-3238-twMp1ARGhQiI1UERcnJ2iO0Kks4.jpg?resize=200,300",2024
Boku No Kokoro No Yabai Yatsu Season 22023EP12TV,https://otakudesu.fit/series/boku-no-kokoro-no-yabai-yatsu-season-2/,"https://i2.wp.com/otakudesu.fit/wp-content/uploads/2024/01/Boku-no-Kokoro-no-Yabai-Yatsu-Season-2.jpg?resize=200,300",2025
Nozomanu Fushi no Boukensha2024EP12TV,https://otakudesu.fit/series/nozomanu-fushi-no-boukensha/,"https://i0.wp.com/otakudesu.fit/wp-content/uploads/2024/01/Nozomanu-Fushi-no-Boukensha.jpg?resize=200,300",2024
Sasaki to Pii-chan2024EP12TV,https://otakudesu.fit/series/sasaki-to-pii-chan/,"https://i0.wp.com/otakudesu.fit/wp-content/uploads/2024/01/1704467391-7209-kVp4PsyB8V839mGQjkn6kevBwKV.jpg?resize=200,300",2024
Chiyu Mahou no Machigatta Tsukaikata2024EP12TV,https://otakudesu.fit/series/chiyu-mahou-no-machigatta-tsukaikata/,"https://i0.wp.com/otakudesu.fit/wp-content/uploads/2024/01/1704448467-4665-cmnScbX505dKwpRGKoGhCsVBUw.jpg?resize=200,300",2025
Pon no Michi2024EP12TV,https://otakudesu.fit/series/pon-no-michi/,"https://i0.wp.com/otakudesu.fit/wp-content/uploads/2024/01/1704448435-5318-54pd82UGQaTEQH7keVKIw8GFkJr.jpg?resize=200,300",2024
Momochi-san Chi no Ayakashi Ouji2024EP12TV,https://otakudesu.fit/series/momochi-san-chi-no-ayakashi-ouji/,"https://i3.wp.com/otakudesu.fit/wp-content/uploads/2024/01/1704448377-4941-xSHn2ECie9ZyG3QCKL6fzfnLu2c.jpg?resize=200,300",2023
"Sokushi Cheat ga Saikyou Sugite, Isekai no Yatsura ga Marude Aite ni Naranai n desu ga2024EP12TV",https://otakudesu.fit/series/sokushi-cheat-ga-saikyou-sugite-isekai-no-yatsura-ga-marude-aite-ni-naranai-n-desu-ga/,"https://i0.wp.com/otakudesu.fit/wp-content/uploads/2024/01/1704374003-3081-vOIdsYCy3Kd6KeyKRM3IyXOzH3c.jpg?resize=200,300",2025
Mato Seihei no Slave2024EP12TV,https://otakudesu.fit/series/mato-seihei-no-slave/,"https://i1.wp.com/otakudesu.fit/wp-content/uploads/2024/01/1704373938-4671-jRPj0lLdWEqXHoz8Z2TLGYcwHMT.jpg?resize=200,300",2024
Dungeon Meshi2024EP12TV,https://otakudesu.fit/series/dungeon-meshi/,"https://i0.wp.com/otakudesu.fit/wp-content/uploads/2024/01/1704373891-7727-9t3DYdGxK3i4WRzKvIZwJd4kBnr.jpg?resize=200,300",2018
Mahou Shoujo ni Akogarete2024EP12TV,https://otakudesu.fit/series/mahou-shoujo-ni-akogarete/,"https://i2.wp.com/otakudesu.fit/wp-content/uploads/2024/01/1704145051-7581-hZ3nkHfYNLCoKonQJTPrrCHPbRv.jpg?resize=200,300",2023
Ishura2024EP12TV,https://otakudesu.fit/series/ishura/,"https://i1.wp.com/otakudesu.fit/wp-content/uploads/2024/01/1704144682-6630-x4iGweNBLlJAju6LBZWypDAcEX9.jpg?resize=200,300",2019
Youkoso Jitsuryoku Shijou Shugi no Kyoushitsu e 3rd Season2017EP12TV,https://otakudesu.fit/series/youkoso-jitsuryoku-shijou-shugi-no-kyoushitsu-e-3rd-season/,"https://i2.wp.com/otakudesu.fit/wp-content/uploads/2024/01/Youkoso-Jitsuryoku-Shijou-Shugi-no-Kyoushitsu-e-3rd-Season.jpg?resize=200,300",2019
Jaku-Chara Tomozaki-kun 2nd STAGE2021EP12TV,https://otakudesu.fit/series/jaku-chara-tomozaki-kun-2nd-stage/,"https://i0.wp.com/otakudesu.fit/wp-content/uploads/2024/01/Jaku-Chara-Tomozaki-kun-2nd-STAGE.jpg?resize=200,300",2025
Isekai de Mofumofu Nadenade suru Tame ni Ganbattemasu2024EP12TV,https://otakudesu.fit/series/isekai-de-mofumofu-nadenade-suru-tame-ni-ganbattemasu/,"https://i3.wp.com/otakudesu.fit/wp-content/uploads/2024/01/Isekai-de-Mofumofu-Nadenade-suru-Tame-ni-Ganbattemasu.jpg?resize=200,300",2019
Nanatsu no Taizai: Mokushiroku no Yonkishi2023EP22TV,https://otakudesu.fit/series/nanatsu-no-taizai-mokushiroku-no-yonkishi/,"https://i2.wp.com/otakudesu.fit/wp-content/uploads/2023/10/1696861973-3645-sfgpx576JgoiTufucjZ1cVdZHE7.jpg?resize=200,300",2025
Dog Signal2023EP19TV,https://otakudesu.fit/series/dog-signal/,"https://i1.wp.com/otakudesu.fit/wp-content/uploads/2023/10/1698068490-5344-2Ma5NmHYtQZzwoAYo7JbqQdHz6t.jpg?resize=200,300",2025
CompletedAtarashii Joushi wa Do Tennen2023EP12TV,https://otakudesu.fit/series/atarashii-joushi-wa-do-tennen/,"https://i1.wp.com/otakudesu.fit/wp-content/uploads/2023/10/Atarashii-Joushi-wa-Do-Tennen.jpg?resize=200,300",2023
CompletedHoukago Shounen Hanako-kun2023EP4TV,https://otakudesu.fit/series/houkago-shounen-hanako-kun/,"https://i2.wp.com/otakudesu.fit/wp-content/uploads/2023/10/Houkago-Shounen-Hanako-kun.jpg?resize=200,300",2023
Kanojo mo Kanojo Season 22021EP12TV,https://otakudesu.fit/series/kanojo-mo-kanojo-season-2/,"https://i3.wp.com/otakudesu.fit/wp-content/uploads/2023/10/Kanojo-mo-Kanojo-Season-2.jpg?resize=200,300",2024
Dr. Stone: New World Part 22019EP11TV,https://otakudesu.fit/series/dr-stone-new-world-part-2/,"https://i1.wp.com/otakudesu.fit/wp-content/uploads/2023/10/Dr.-Stone.jpg?resize=200,300",2025
CompletedDead Mount Death Play Part 22023EP12TV,https://otakudesu.fit/series/dead-mount-death-play-part-2/,"https://i0.wp.com/otakudesu.fit/wp-content/uploads/2023/10/Dead-Mount-Death-Play-Part-2.jpg?resize=200,300",2024
CompletedHoshikuzu Telepath2023EP12TV,https://otakudesu.fit/series/hoshikuzu-telepath/,"https://i1.wp.com/otakudesu.fit/wp-content/uploads/2023/10/Hoshikuzu-Telepath.png?resize=200,300",2024
CompletedThe IDOLM@STER Million Live!2023EP12TV,https://otakudesu.fit/series/the-idolmster-million-live/,"https://i1.wp.com/otakudesu.fit/wp-content/uploads/2023/10/1696790884-1516-2QXWC8GdhyOOT6ILI7LUzrcuiPM.jpg?resize=200,300",2025
CompletedKimi no Koto ga Daidaidaidaidaisuki na 100-nin no Kanojo2023EP12TV,https://otakudesu.fit/series/kimi-no-koto-ga-daidaidaidaidaisuki-na-100-nin-no-kanojo/,"https://i3.wp.com/otakudesu.fit/wp-content/uploads/2023/10/1696775571-9337-pGzbIpOyqRl5wiU0wi1uaoFG8Av.jpg?resize=200,300",2023
CompletedBokura no Ameiro Protocol2023EP12TV,https://otakudesu.fit/series/bokura-no-ameiro-protocol/,"https://i3.wp.com/otakudesu.fit/wp-content/uploads/2023/10/1696713269-8624-5DFnJmZWCTjuMO65g92iqIKuIxF.jpg?resize=200,300",2025
CompletedPotion-danomi de Ikinobimasu!2023EP12TV,https://otakudesu.fit/series/potion-danomi-de-ikinobimasu/,"https://i1.wp.com/otakudesu.fit/wp-content/uploads/2023/10/Potion-danomi-de-Ikinobimasu.jpg?resize=200,300",2025
CompletedButa no Liver wa Kanetsu Shiro2023EP12TV,https://otakudesu.fit/series/buta-no-liver-wa-kanetsu-shiro/,"https://i2.wp.com/otakudesu.fit/wp-content/uploads/2023/10/Buta-no-Liver-wa-Kanetsu-Shiro.jpg?resize=200,300",2025
CompletedKikansha no Mahou wa Tokubetsu desu2023EP12TV,https://otakudesu.fit/series/kikansha-no-mahou-wa-tokubetsu-desu/,"https://i2.wp.com/otakudesu.fit/wp-content/uploads/2023/10/Kikansha-no-Mahou-wa-Tokubetsu-desu.png?resize=200,300",2022
CompletedTearmoon Teikoku Monogatari2023EP12TV,https://otakudesu.fit/series/tearmoon-teikoku-monogatari/,"https://i0.wp.com/otakudesu.fit/wp-content/uploads/2023/10/Tearmoon-Teikoku-Monogatari.jpg?resize=200,300",2024
CompletedSpy x Family Season 22022EP12TV,https://otakudesu.fit/series/spy-x-family-season-2/,"https://i0.wp.com/otakudesu.fit/wp-content/uploads/2023/10/Spy-x-Family-Season-2.jpg?resize=200,300",2025
CompletedSaihate no Paladin Season 22021EP12TV,https://otakudesu.fit/series/saihate-no-paladin-season-2/,"https://i2.wp.com/otakudesu.fit/wp-content/uploads/2023/10/Saihate-no-Paladin-Season-2.jpg?resize=200,300",2025
CompletedHikikomari Kyuuketsuki no Monmon2023EP12TV,https://otakudesu.fit/series/hikikomari-kyuuketsuki-no-monmon/,"https://i1.wp.com/otakudesu.fit/wp-content/uploads/2023/10/Hikikomari-Kyuuketsuki-no-Monmon.jpg?resize=200,300",2023
One Piece1999EP1153TV,https://otakudesu.fit/series/one-piece/,"https://i3.wp.com/otakudesu.fit/wp-content/uploads/2023/10/1696652084-3118-fcXdJlbSdUEeMSJFsXKsznGwwok.jpg?resize=200,300",2024
CompletedDark Gathering2023EP25TV,https://otakudesu.fit/series/dark-gathering/,"https://i2.wp.com/otakudesu.fit/wp-content/uploads/2023/10/Dark-Gathering.jpg?resize=200,300",2025
Ao no Orchestra2023TV,https://otakudesu.fit/series/ao-no-orchestra/,"https://i2.wp.com/otakudesu.fit/wp-content/uploads/2023/10/Ao-no-Orchestra.png?resize=200,300",2021
Helck2023TV,https://otakudesu.fit/series/helck/,"https://i0.wp.com/otakudesu.fit/wp-content/uploads/2023/10/1696651780-6698-afM9amxZCGGTXndl5KbFLpX5IQ.jpg?resize=200,300",2023
CompletedJujutsu Kaisen 2nd Season2020EP23TV,https://otakudesu.fit/series/jujutsu-kaisen-2nd-season/,"https://i2.wp.com/otakudesu.fit/wp-content/uploads/2023/10/Jujutsu-Kaisen-2nd-Season.jpg?resize=200,300",2025
Nanatsu no Maken ga Shihai Suru2023TV,https://otakudesu.fit/series/nanatsu-no-maken-ga-shihai-suru/,"https://i2.wp.com/otakudesu.fit/wp-content/uploads/2023/10/Nanatsu-no-Maken-ga-Shihai-Suru.jpg?resize=200,300",2021
Gundam Build Metaverse2023EP3TV,https://otakudesu.fit/series/gundam-build-metaverse/,"https://i2.wp.com/otakudesu.fit/wp-content/uploads/2023/10/Gundam-Build-Metaverse.jpg?resize=200,300",2025
Arknights: Fuyukomori Kaerimichi2022EP8TV,https://otakudesu.fit/series/arknights-fuyukomori-kaerimichi/,"https://i1.wp.com/otakudesu.fit/wp-content/uploads/2023/10/Arknights.jpg?resize=200,300",2024
CompletedHametsu no Oukoku2023EP12TV,https://otakudesu.fit/series/hametsu-no-oukoku/,"https://i1.wp.com/otakudesu.fit/wp-content/uploads/2023/10/Hametsu-no-Oukoku.jpg?resize=200,300",2024
CompletedKeikenzumi na Kimi to Keiken Zero na Ore ga Otsukiai suru Hanashi.2023EP12TV,https://otakudesu.fit/series/keikenzumi-na-kimi-to-keiken-zero-na-ore-ga-otsukiai-suru-hanashi/,"https://i2.wp.com/otakudesu.fit/wp-content/uploads/2023/10/Keikenzumi-na-Kimi-to-Keiken-Zero-na-Ore-ga-Otsukiai-suru-Hanashi.jpg?resize=200,300",2022
Undead Unluck2023EP24TV,https://otakudesu.fit/series/undead-unluck/,"https://i0.wp.com/otakudesu.fit/wp-content/uploads/2023/10/Undead-Unluck.jpg?resize=200,300",2015
16bit Sensation: Another Layer2023EP13TV,https://otakudesu.fit/series/16bit-sensation-another-layer/,"https://i0.wp.com/otakudesu.fit/wp-content/uploads/2023/10/1696650695-9071-zgjZsuLBwOGgUaIyLkpVPxl8Ii0.jpg?resize=200,300",2024
CompletedB-PROJECT: Netsuretsu*Love Call2016EP12TV,https://otakudesu.fit/series/b-project-netsuretsulove-call/,"https://i3.wp.com/otakudesu.fit/wp-content/uploads/2023/10/B-PROJECT.jpg?resize=200,300",2024
Beyblade X2023EP42TV,https://otakudesu.fit/series/beyblade-x/,"https://i0.wp.com/otakudesu.fit/wp-content/uploads/2023/10/1696650512-3287-vgXX5l9KmqDYjxuHz6UGqL55AWt.jpg?resize=200,300",2025
CompletedBikkurimen2023EP12TV,https://otakudesu.fit/series/bikkurimen/,"https://i2.wp.com/otakudesu.fit/wp-content/uploads/2023/10/1696650462-6655-ifnkE3Wuz7UloOOWoGnKz7gzICI.jpg?resize=200,300",2025
CompletedBoukensha ni Naritai to Miyako ni Deteitta Musume ga S Rank ni Natteta2023EP13TV,https://otakudesu.fit/series/boukensha-ni-naritai-to-miyako-ni-deteitta-musume-ga-s-rank-ni-natteta/,"https://i3.wp.com/otakudesu.fit/wp-content/uploads/2023/10/Boukensha-ni-Naritai-to-Miyako-ni-Deteitta-Musume-ga-S-Rank-ni-Natteta.jpg?resize=200,300",2025
CompletedBoushoku no Berserk2023EP12TV,https://otakudesu.fit/series/boushoku-no-berserk/,"https://i3.wp.com/otakudesu.fit/wp-content/uploads/2023/10/Boushoku-no-Berserk.jpg?resize=200,300",2023
CompletedBullbuster2023EP12TV,https://otakudesu.fit/series/bullbuster/,"https://i2.wp.com/otakudesu.fit/wp-content/uploads/2023/10/Bullbuster.jpg?resize=200,300",2024
CompletedCaptain Tsubasa: Season 2 – Junior Youth-hen2018EP38TV,https://otakudesu.fit/series/captain-tsubasa-season-2-junior-youth-hen/,"https://i0.wp.com/otakudesu.fit/wp-content/uploads/2023/10/Captain-Tsubasa.jpg?resize=200,300",2024
CompletedDekoboko Majo no Oyako Jijou2023EP12TV,https://otakudesu.fit/series/dekoboko-majo-no-oyako-jijou/,"https://i3.wp.com/otakudesu.fit/wp-content/uploads/2023/10/Dekoboko-Majo-no-Oyako-Jijou.jpg?resize=200,300",2024
CompletedGoblin Slayer II2018EP12TV,https://otakudesu.fit/series/goblin-slayer-ii/,"https://i2.wp.com/otakudesu.fit/wp-content/uploads/2023/10/Goblin-Slayer-II.jpg?resize=200,300",2025
CompletedKage no Jitsuryokusha ni Naritakute! 2nd season2022EP12TV,https://otakudesu.fit/series/kage-no-jitsuryokusha-ni-naritakute-2nd-season/,"https://i0.wp.com/otakudesu.fit/wp-content/uploads/2023/10/Kage-no-Jitsuryokusha-ni-Naritakute-2nd-season.jpg?resize=200,300",2025
CompletedKamonohashi Ron no Kindan Suiri2023EP13TV,https://otakudesu.fit/series/kamonohashi-ron-no-kindan-suiri/,"https://i2.wp.com/otakudesu.fit/wp-content/uploads/2023/10/1696649751-2080-2vYRN0QQFFqQEJUANsd6VSThQqI.jpg?resize=200,300",2024
CompletedUnder Ninja2023EP12TV,https://otakudesu.fit/series/under-ninja/,"https://i1.wp.com/otakudesu.fit/wp-content/uploads/2023/10/1696649708-7906-uliIvGVI92s0C26jBOxaiSNUH1v.jpg?resize=200,300",2024
CompletedKizuna no Allele Season 22023EP12TV,https://otakudesu.fit/series/kizuna-no-allele-season-2/,"https://i1.wp.com/otakudesu.fit/wp-content/uploads/2023/10/Kizuna-no-Allele-Season-2.png?resize=200,300",2011
CompletedKonyaku Haki sareta Reijou wo Hirotta Ore ga Ikenai Koto wo Oshiekomu2023EP12TV,https://otakudesu.fit/series/konyaku-haki-sareta-reijou-wo-hirotta-ore-ga-ikenai-koto-wo-oshiekomu/,"https://i3.wp.com/otakudesu.fit/wp-content/uploads/2023/10/Konyaku-Haki-sareta-Reijou-wo-Hirotta-Ore-ga-Ikenai-Koto-wo-Oshiekomu.jpg?resize=200,300",2004
CompletedMahoutsukai no Yome SEASON 2 Part 22017EP12TV,https://otakudesu.fit/series/mahoutsukai-no-yome-season-2-part-2/,"https://i3.wp.com/otakudesu.fit/wp-content/uploads/2023/10/Mahoutsukai-no-Yome-SEASON-2-Part-2.jpg?resize=200,300",2023
Megumi no Daigo: Kyuukoku no Orange2023EP22TV,https://otakudesu.fit/series/megumi-no-daigo-kyuukoku-no-orange/,"https://i1.wp.com/otakudesu.fit/wp-content/uploads/2023/10/Megumi-no-Daigo-Kyuukoku-no-Orange.jpg?resize=200,300",2025
CompletedWatashi no Oshi wa Akuyaku Reijou.2023EP12TV,https://otakudesu.fit/series/watashi-no-oshi-wa-akuyaku-reijou/,"https://i2.wp.com/otakudesu.fit/wp-content/uploads/2023/10/Watashi-no-Oshi-wa-Akuyaku-Reijou.jpg?resize=200,300",2023
CompletedMF Ghost2023EP12TV,https://otakudesu.fit/series/mf-ghost/,"https://i0.wp.com/otakudesu.fit/wp-content/uploads/2023/10/1696649203-8959-63cDEEjJw1x7RXPi3DxKdQ2Q7oK.jpg?resize=200,300",2023
CompletedMigi to Dali2023EP13TV,https://otakudesu.fit/series/migi-to-dali/,"https://i2.wp.com/otakudesu.fit/wp-content/uploads/2023/10/Migi-to-Dali.jpg?resize=200,300",2018
CompletedOjou to Banken-kun2023EP13TV,https://otakudesu.fit/series/ojou-to-banken-kun/,"https://i2.wp.com/otakudesu.fit/wp-content/uploads/2023/10/Ojou-to-Banken-kun.jpg?resize=200,300",2025
CompletedOvertake!2023EP12TV,https://otakudesu.fit/series/overtake/,"https://i1.wp.com/otakudesu.fit/wp-content/uploads/2023/10/1696649039-1538-fnv09j3fUnu4YM569E3nrn7SSjD.jpg?resize=200,300",2024
CompletedParadox Live the Animation2023EP12TV,https://otakudesu.fit/series/paradox-live-the-animation/,"https://i2.wp.com/otakudesu.fit/wp-content/uploads/2023/10/1696649010-5241-IlM4T3N8rUumx7XV3wq2oLGmdX.jpg?resize=200,300",2023
Ragna Crimson2023EP23TV,https://otakudesu.fit/series/ragna-crimson/,"https://i3.wp.com/otakudesu.fit/wp-content/uploads/2023/10/1696648972-4122-ba7Mav3rU1FSyt7ZJRFHlVJ9N8K.jpg?resize=200,300",1999
CompletedSeijo no Maryoku wa Bannou desu Season 22021EP12TV,https://otakudesu.fit/series/seijo-no-maryoku-wa-bannou-desu-season-2/,"https://i0.wp.com/otakudesu.fit/wp-content/uploads/2023/10/Seijo-no-Maryoku-wa-Bannou-desu-Season-2.jpg?resize=200,300",2025
Seiken Gakuin no Maken Tsukai2023EP12TV,https://otakudesu.fit/series/seiken-gakuin-no-maken-tsukai/,"https://i1.wp.com/otakudesu.fit/wp-content/uploads/2023/10/Seiken-Gakuin-no-Maken-Tsukai.jpg?resize=200,300",2024
CompletedShangri-La Frontier: Kusoge Hunter Kamige ni Idoman to su2023EP25TV,https://otakudesu.fit/series/shangri-la-frontier-kusoge-hunter-kamige-ni-idoman-to-su/,"https://i3.wp.com/otakudesu.fit/wp-content/uploads/2023/10/1696648730-3893-aCGdpgNkgz66R1winFkTFsMAhlC.jpg?resize=200,300",2023
CompletedShy2023EP12TV,https://otakudesu.fit/series/shy/,"https://i3.wp.com/otakudesu.fit/wp-content/uploads/2023/10/1696648668-1768-u2kzoSZNk0z3nS71p6UzSxzh3zQ.jpg?resize=200,300",2025
Sousou no Frieren2023EP28TV,https://otakudesu.fit/series/sousou-no-frieren/,"https://i2.wp.com/otakudesu.fit/wp-content/uploads/2023/10/1696648630-3444-dqZENchTd7lp5zht7BdlqM7RBhD.jpg?resize=200,300",2025
CompletedTate no Yuusha no Nariagari Season 32019EP12TV,https://otakudesu.fit/series/tate-no-yuusha-no-nariagari-season-3/,"https://i0.wp.com/otakudesu.fit/wp-content/uploads/2023/10/Tate-no-Yuusha-no-Nariagari-Season-3.png?resize=200,300",2025
CompletedToaru Ossan no VRMMO Katsudouki2023EP12TV,https://otakudesu.fit/series/toaru-ossan-no-vrmmo-katsudouki/,"https://i2.wp.com/otakudesu.fit/wp-content/uploads/2023/10/1696584795-7667-g7bI6JkJ1VhlxgqEZpaWMLlEJ5Q.jpg?resize=200,300",2025
Tokyo Revengers: Tenjiku-hen2021EP13TV,https://otakudesu.fit/series/tokyo-revengers-tenjiku-hen/,"https://i2.wp.com/otakudesu.fit/wp-content/uploads/2023/10/Tokyo-Revengers.jpg?resize=200,300",2023
CompletedUma Musume: Pretty Derby Season 32018EP13TV,https://otakudesu.fit/series/uma-musume-pretty-derby-season-3/,"https://i1.wp.com/otakudesu.fit/wp-content/uploads/2023/10/1696584404-3902-9TVHxWbWAHiIQjzGTx1vXi95r2X.jpg?resize=200,300",2024
CompletedYuzuki-san Chi no Yonkyoudai.2023EP12TV,https://otakudesu.fit/series/yuzuki-san-chi-no-yonkyoudai/,"https://i0.wp.com/otakudesu.fit/wp-content/uploads/2023/10/1696544628-8254-nGCldiTl1wfHdq8OtzTxikflxGm.jpg?resize=200,300",-
